issue_id,rating_type,rating_date,rating
5,DPR,5/20/1993,NR
5,MR,5/24/2017,NR
5,FR,12/14/2018,A-
5,SPR,5/16/2019,BB+
6,DPR,10/13/1993,NR
6,MR,5/24/2017,NR
6,FR,12/14/2018,A-
6,SPR,5/16/2019,BB+
1057,DPR,06/04/1991,NR
1057,MR,12/19/2005,NR
1057,SPR,06/02/2016,NR
1057,FR,12/02/2016,NR
3024,DPR,12/03/1993,NR
3024,FR,2/27/2013,A-
3024,MR,12/01/2013,NR
3024,SPR,12/02/2013,NR
11624,DPR,4/24/2001,NR
11624,FR,2/22/2011,A-
11624,MR,8/15/2011,NR
11624,SPR,8/15/2011,NR
12958,DPR,11/09/1994,NR
12958,SPR,1/28/2005,BB+
12958,FR,10/05/2005,BB
12958,MR,12/15/2010,NR
12959,DPR,11/09/1994,NR
12959,FR,1/17/2012,NR
12959,MR,1/20/2017,Baa1
12959,SPR,9/18/2018,A-
14888,DPR,02/12/1991,NR
14888,SPR,2/22/2017,BBB-
14888,MR,03/02/2017,Baa3
14888,FR,4/19/2019,BBB
14889,DPR,04/08/1991,NR
14889,SPR,2/22/2017,BBB-
14889,MR,03/02/2017,Baa3
14889,FR,4/19/2019,BBB
16414,DPR,1/28/1993,NR
16414,MR,02/01/2013,NR
16414,FR,02/01/2013,NR
16414,SPR,02/02/2013,NR
16417,DPR,4/19/1993,NR
16417,MR,06/11/2008,Baa1
16417,FR,01/09/2015,BBB+
16417,SPR,03/12/2019,A
16420,DPR,08/03/1993,NR
16420,MR,06/11/2008,Baa1
16420,FR,01/09/2015,BBB+
16420,SPR,08/11/2018,NR
16422,DPR,1/28/1994,NR
16422,MR,06/11/2008,Baa1
16422,FR,1/18/2019,A
16422,SPR,03/12/2019,A
16936,DPR,6/29/2000,NR
16936,FR,5/13/2009,A
16936,MR,05/01/2010,NR
16936,SPR,05/01/2010,NR
18546,DPR,11/27/1990,NR
18546,FR,10/31/2000,NR
18546,SPR,11/16/2001,AA-
18546,MR,4/19/2018,Aa3
19245,DPR,04/09/1990,NR
19245,SPR,05/11/2011,BBB
19245,MR,11/06/2018,Baa2
19245,FR,11/08/2018,BBB+
21818,DPR,6/18/1993,NR
21818,MR,05/01/2014,NR
21818,SPR,5/14/2014,NR
21818,FR,06/03/2014,NR
23145,DPR,01/12/1995,NR
23145,SPR,04/01/2011,BBB-
23145,MR,3/15/2016,Baa3
23145,FR,04/12/2019,BBB-
23146,DPR,07/01/1993,NR
23146,SPR,04/01/2011,BBB-
23146,MR,3/15/2016,Baa3
23146,FR,04/12/2019,BBB-
24061,DPR,11/09/1993,NR
24061,SPR,7/28/2017,BBB+
24061,FR,10/12/2018,BBB+
24061,MR,04/02/2019,A3
25620,DPR,06/01/2000,NR
25620,SPR,12/02/2015,BBB+
25620,MR,2/21/2019,A3
25620,FR,06/12/2019,A
26141,DPR,06/05/1995,NR
26141,FR,02/09/2006,A-
26141,SPR,5/28/2013,BBB
26141,MR,4/30/2019,Baa2
26980,DPR,4/26/2001,NR
26980,SPR,10/16/2007,A
26980,FR,3/29/2018,A+
26980,MR,10/19/2018,Aa3
31193,DPR,10/05/1995,NR
31193,MR,06/11/2008,Baa1
31193,FR,01/09/2015,BBB+
31193,SPR,10/12/2015,NR
31561,DPR,10/19/1995,NR
31561,SPR,03/02/2007,BB
31561,MR,2/26/2013,NR
31561,FR,06/03/2014,NR
31641,DPR,10/25/1995,NR
31641,MR,06/11/2008,Baa1
31641,FR,01/09/2015,BBB+
31641,SPR,03/12/2019,A
32336,DPR,11/16/1995,NR
32336,FR,12/18/2009,A+
32336,MR,11/15/2010,NR
32336,SPR,11/15/2010,NR
32926,DPR,06/01/2000,NR
32926,MR,12/20/2011,NR
32926,SPR,12/16/2015,NR
32926,FR,07/09/2016,NR
37447,DPR,03/06/1996,NR
37447,FR,12/14/2010,AA-
37447,MR,3/15/2011,NR
37447,SPR,3/15/2011,NR
44810,DPR,10/11/1996,NR
44810,MR,06/11/2008,Baa1
44810,FR,01/09/2015,BBB+
44810,SPR,10/18/2016,NR
44811,DPR,10/11/1996,NR
44811,MR,06/11/2008,Baa1
44811,FR,01/09/2015,BBB+
44811,SPR,03/12/2019,A
44812,DPR,10/11/1996,NR
44812,SPR,10/05/2007,BBB+
44812,MR,06/11/2008,Baa1
44812,FR,12/16/2016,BBB+
51090,DPR,03/12/1997,NR
51090,FR,11/06/2000,NR
51090,MR,11/01/2017,Baa2
51090,SPR,5/15/2019,NR
54017,DPR,01/09/2001,NR
54017,SPR,03/11/2016,BBB
54017,MR,8/29/2018,Baa3
54017,FR,5/17/2019,BBB
56219,DPR,6/19/1997,NR
56219,FR,11/06/2000,NR
56219,MR,11/01/2017,Baa2
56219,SPR,8/15/2018,NR
72935,DPR,06/01/2000,NR
72935,SPR,5/17/2006,BBB+
72935,FR,03/09/2009,BBB+
72935,MR,04/01/2010,NR
74961,DPR,01/09/2001,NR
74961,FR,4/19/2012,BB-
74961,SPR,3/15/2018,NR
74961,MR,5/15/2018,NR
75664,DPR,06/02/1998,NR
75664,FR,10/18/2000,NR
75664,SPR,3/21/2007,NR
75664,MR,12/13/2018,Baa2
76135,DPR,5/31/2000,NR
76135,FR,6/15/2018,NR
76135,MR,6/15/2018,NR
76135,SPR,6/16/2018,NR
76232,DPR,06/11/1998,NR
76232,FR,3/16/2018,C
76232,SPR,4/18/2018,NR
76232,MR,05/04/2018,NR
99272,DPR,07/10/1998,NR
99272,MR,06/11/2008,Baa1
99272,FR,01/09/2015,BBB+
99272,SPR,03/12/2019,A
99954,DPR,06/01/2000,NR
99954,FR,07/11/2007,BB-
99954,MR,12/15/2015,NR
99954,SPR,12/16/2015,NR
100362,DPR,5/25/1995,NR
100362,SPR,7/16/2018,BB-
100362,FR,12/12/2018,BB
100362,MR,1/17/2019,Ba2
100795,DPR,7/30/1998,NR
100795,MR,06/11/2008,Baa1
100795,FR,5/18/2018,NR
100795,SPR,5/19/2018,NR
100872,DPR,07/10/1998,NR
100872,MR,06/11/2008,Baa1
100872,FR,01/09/2015,BBB+
100872,SPR,03/12/2019,A
100873,DPR,7/30/1998,NR
100873,MR,06/11/2008,Baa1
100873,FR,01/09/2015,BBB+
100873,SPR,03/12/2019,A
100877,DPR,3/26/1999,NR
100877,MR,06/11/2008,Baa1
100877,FR,1/18/2019,A
100877,SPR,03/12/2019,A
103579,DPR,1/19/2000,NR
103579,FR,9/19/2011,NR
103579,MR,10/04/2011,NR
103579,SPR,10/19/2011,NR
111448,DPR,09/06/2000,NR
111448,FR,07/01/2010,NR
111448,MR,9/15/2010,NR
111448,SPR,12/31/2010,NR
117277,DPR,2/23/2001,NR
117277,FR,12/07/2010,A-
117277,SPR,1/14/2011,NR
117277,MR,1/14/2011,NR
127222,FR,6/21/2001,NR
127222,DPR,6/21/2001,NR
127222,SPR,05/01/2010,NR
127222,MR,05/01/2010,NR
127713,DPR,08/08/2001,NR
127713,FR,6/30/2011,BB
127713,SPR,8/15/2011,NR
127713,MR,8/15/2011,NR
127831,DPR,08/10/2001,NR
127831,FR,6/29/2011,A+
127831,SPR,8/15/2011,NR
127831,MR,8/15/2011,NR
129165,DPR,09/05/2001,NR
129165,FR,02/02/2011,BB
129165,SPR,9/15/2011,NR
129165,MR,9/15/2011,NR
131767,DPR,10/26/2001,NR
131767,SPR,12/12/2014,BB+
131767,FR,8/28/2018,BB+
131767,MR,02/11/2019,Ba2
134703,DPR,12/12/2001,NR
134703,SPR,12/15/2011,NR
134703,MR,12/15/2011,NR
134703,FR,12/15/2011,NR
137061,SPR,11/29/2011,BBB+
137061,MR,2/15/2012,NR
137061,FR,2/15/2012,NR
138337,SPR,2/28/2002,A
138337,FR,7/26/2011,NR
138337,MR,03/01/2012,NR
142236,SPR,5/15/2012,NR
142236,MR,5/15/2012,NR
142236,FR,5/15/2012,NR
149324,MR,2/21/2013,NR
149324,FR,11/15/2013,NR
149324,SPR,11/16/2013,NR
149578,MR,9/15/2012,NR
149578,FR,9/15/2012,NR
149578,SPR,9/16/2012,NR
151926,MR,11/15/2014,NR
151926,FR,11/15/2014,NR
151926,SPR,11/16/2014,NR
160212,SPR,3/15/2010,NR
160212,MR,3/15/2010,NR
160212,FR,3/15/2010,NR
162268,MR,05/01/2013,NR
162268,FR,05/01/2013,NR
162268,SPR,05/02/2013,NR
162820,MR,05/01/2013,NR
162820,FR,05/01/2013,NR
162820,SPR,05/02/2013,NR
165332,FR,10/02/1996,NR
165332,MR,07/02/2014,NR
165332,SPR,07/03/2014,NR
165334,FR,10/02/1996,NR
165334,MR,07/02/2014,NR
165334,SPR,07/03/2014,NR
165677,FR,3/29/2018,A+
165677,SPR,5/31/2018,A
165677,MR,10/19/2018,Aa3
166723,SPR,6/18/2003,NR
166723,MR,07/02/2018,NR
166723,FR,12/14/2018,NR
168084,MR,7/15/2013,NR
168084,FR,7/15/2013,NR
168084,SPR,7/16/2013,NR
169951,MR,8/15/2013,NR
169951,FR,8/15/2013,NR
169951,SPR,8/16/2013,NR
172014,MR,10/01/2013,NR
172014,FR,10/01/2013,NR
172014,SPR,10/02/2013,NR
173296,SPR,3/15/2010,NR
173296,MR,3/15/2010,NR
173296,FR,3/15/2010,NR
174721,MR,11/12/2013,NR
174721,FR,11/12/2013,NR
174721,SPR,11/13/2013,NR
175608,FR,1/21/2010,B
175608,SPR,12/15/2010,NR
175608,MR,12/15/2010,NR
176262,FR,12/04/2013,NR
176262,MR,12/16/2013,NR
176262,SPR,12/17/2013,NR
176515,MR,06/11/2008,Baa1
176515,FR,1/18/2011,BBB+
176515,SPR,03/12/2019,A
178124,FR,12/22/2010,A+
178124,SPR,1/15/2011,NR
178124,MR,1/15/2011,NR
178526,FR,09/12/2005,AA-
178526,SPR,1/15/2011,NR
178526,MR,1/15/2011,NR
178863,SPR,03/04/2009,A
178863,FR,12/18/2009,AA-
178863,MR,2/15/2011,NR
179438,SPR,1/27/2010,B
179438,FR,02/02/2011,BB
179438,MR,2/15/2011,NR
180091,FR,12/19/2003,NR
180091,MR,7/31/2013,NR
180091,SPR,08/01/2013,NR
184785,FR,3/31/2004,NR
184785,MR,10/15/2014,NR
184785,SPR,10/16/2014,NR
189163,MR,06/01/2014,NR
189163,FR,06/01/2014,NR
189163,SPR,06/03/2014,NR
189479,SPR,5/18/2004,NR
189479,FR,5/18/2004,NR
189479,MR,5/21/2012,NR
191039,MR,1/15/2014,NR
191039,FR,1/15/2014,NR
191039,SPR,1/16/2014,NR
192637,FR,02/02/2011,BB
192637,SPR,8/15/2011,NR
192637,MR,8/15/2011,NR
193276,MR,05/01/2014,NR
193276,FR,05/01/2014,NR
193276,SPR,05/02/2014,NR
194144,MR,9/15/2014,NR
194144,FR,9/15/2014,NR
194144,SPR,9/16/2014,NR
194692,MR,9/29/2014,NR
194692,SPR,9/30/2014,NR
194692,FR,9/30/2014,NR
196600,FR,03/01/2011,AA-
196600,SPR,11/10/2011,NR
196600,MR,11/10/2011,NR
197336,FR,6/16/2011,B
197336,SPR,08/01/2011,NR
197336,MR,08/01/2011,NR
197998,SPR,12/15/2011,NR
197998,MR,12/15/2011,NR
197998,FR,12/15/2011,NR
198193,FR,12/06/2004,NR
198193,MR,12/15/2014,NR
198193,SPR,12/16/2014,NR
198726,MR,1/15/2015,NR
198726,FR,1/15/2015,NR
198726,SPR,1/16/2015,NR
198821,SPR,1/15/2012,NR
198821,MR,1/15/2012,NR
198821,FR,1/15/2012,NR
200331,FR,1/24/2005,NR
200331,SPR,1/15/2011,NR
200331,MR,1/15/2011,NR
200972,FR,02/07/2005,NR
200972,SPR,12/13/2010,AA-
200972,MR,2/15/2012,NR
205085,SPR,1/26/1999,A
205085,FR,11/04/2010,A
205085,MR,6/30/2011,NR
277788,FR,5/15/2012,A-
277788,MR,3/15/2015,NR
277788,SPR,3/16/2015,NR
280669,FR,1/29/2009,BBB+
280669,SPR,6/18/2009,BBB+
280669,MR,4/15/2010,NR
281048,MR,06/11/2008,Baa1
281048,FR,1/18/2011,BBB+
281048,SPR,03/12/2019,A
287735,SPR,06/10/2012,NR
287735,MR,06/10/2012,NR
287735,FR,06/10/2012,NR
290083,FR,6/20/2005,NR
290083,SPR,6/15/2010,NR
290083,MR,6/15/2010,NR
297530,SPR,05/04/2011,B+
297530,MR,8/15/2012,NR
297530,FR,8/15/2012,NR
301117,FR,7/19/2010,BBB+
301117,SPR,9/15/2010,NR
301117,MR,9/15/2010,NR
304091,SPR,08/05/2005,NR
304091,MR,04/01/2015,NR
304091,FR,04/01/2015,NR
304939,MR,6/15/2017,NR
304939,SPR,6/16/2017,NR
304939,FR,10/25/2017,NR
305482,SPR,9/29/2014,BBB+
305482,FR,9/28/2017,A+
305482,MR,4/27/2018,A3
305491,SPR,9/29/2014,BBB+
305491,FR,9/28/2017,A+
305491,MR,4/27/2018,A3
308899,FR,8/25/2010,A
308899,SPR,1/21/2011,NR
308899,MR,1/21/2011,NR
308914,MR,10/15/2015,NR
308914,SPR,10/16/2015,NR
308914,FR,07/09/2016,NR
308927,FR,10/18/2005,NR
308927,SPR,10/21/2010,NR
308927,MR,10/21/2010,NR
308951,FR,10/18/2005,NR
308951,SPR,10/21/2010,NR
308951,MR,10/21/2010,NR
309247,MR,10/30/2015,NR
309247,SPR,10/31/2015,NR
309247,FR,07/09/2016,NR
315349,MR,01/07/2016,NR
315349,SPR,01/08/2016,NR
315349,FR,07/09/2016,NR
319801,SPR,10/02/2018,BBB+
319801,MR,10/31/2018,Baa1
319801,FR,06/12/2019,BBB+
320335,FR,05/05/2010,A+
320335,SPR,1/15/2011,NR
320335,MR,1/15/2011,NR
320337,MR,1/15/2016,NR
320337,SPR,1/16/2016,NR
320337,FR,7/16/2016,NR
320624,MR,1/19/2016,NR
320624,SPR,1/20/2016,NR
320624,FR,7/20/2016,NR
323332,FR,8/24/2010,AA-
323332,SPR,1/31/2011,NR
323332,MR,1/31/2011,NR
324121,FR,02/06/2006,AA-
324121,SPR,11/29/2011,A+
324121,MR,2/15/2012,NR
325879,FR,10/25/2010,AA-
325879,SPR,03/02/2011,NR
325879,MR,03/02/2011,NR
325887,MR,03/02/2016,NR
325887,SPR,03/03/2016,NR
325887,FR,09/03/2016,NR
327628,FR,03/12/2013,BBB-
327628,MR,6/15/2013,NR
327628,SPR,6/16/2013,NR
334884,FR,12/05/2005,BBB
334884,SPR,1/17/2014,NR
334884,MR,1/22/2014,NR
351255,SPR,7/31/2006,A+
351255,FR,7/31/2006,AA-
351255,MR,1/29/2010,NR
351799,FR,6/29/2011,A+
351799,SPR,8/15/2011,NR
351799,MR,8/15/2011,NR
351976,MR,8/15/2013,NR
351976,FR,8/15/2013,NR
351976,SPR,8/16/2013,NR
359416,SPR,9/14/2006,AA+
359416,MR,2/28/2017,A1
359416,FR,9/27/2018,AA-
370198,FR,11/17/2006,AA
370198,MR,11/15/2016,NR
370198,SPR,11/16/2016,NR
370665,MR,1/22/2017,NR
370665,FR,1/22/2017,NR
370665,SPR,1/23/2017,NR
374910,SPR,05/04/2011,B+
374910,MR,12/15/2011,NR
374910,FR,12/15/2011,NR
379714,SPR,02/01/2012,NR
379714,MR,02/01/2012,NR
379714,FR,02/01/2012,NR
382465,MR,2/15/2017,NR
382465,FR,2/15/2017,NR
382465,SPR,2/16/2017,NR
382772,FR,02/07/2007,NR
382772,MR,4/15/2016,NR
382772,SPR,6/15/2016,NR
382787,SPR,2/14/2012,NR
382787,MR,2/14/2012,NR
382787,FR,2/14/2012,NR
387875,FR,10/22/2009,BBB+
387875,MR,9/28/2010,NR
387875,SPR,10/29/2010,NR
395427,MR,05/02/2017,NR
395427,FR,05/02/2017,NR
395427,SPR,05/03/2017,NR
398523,SPR,12/02/2015,BBB+
398523,MR,2/21/2019,A3
398523,FR,06/12/2019,A
398683,FR,06/04/2007,NR
398683,MR,6/15/2014,NR
398683,SPR,6/16/2014,NR
400171,SPR,5/24/2007,AA-
400171,FR,8/20/2010,A+
400171,MR,8/31/2010,NR
401939,MR,07/01/2017,NR
401939,SPR,07/02/2017,NR
401939,FR,07/06/2017,NR
402136,MR,7/20/2015,NR
402136,FR,7/21/2015,NR
402136,SPR,7/30/2015,NR
405329,SPR,10/05/2007,A
405329,FR,8/31/2009,A
405329,MR,7/16/2010,NR
409777,SPR,4/29/2009,A
409777,FR,12/14/2009,A+
409777,MR,8/13/2010,NR
409893,MR,8/15/2014,NR
409893,FR,8/15/2014,NR
409893,SPR,8/16/2014,NR
410209,MR,8/15/2017,NR
410209,FR,8/15/2017,NR
410209,SPR,8/16/2017,NR
411624,MR,2/15/2018,NR
411624,FR,2/15/2018,NR
411624,SPR,2/16/2018,NR
411625,SPR,8/21/2007,AA
411625,FR,12/20/2007,AA
411625,MR,05/09/2018,Aa2
411854,MR,8/27/2012,NR
411854,FR,8/27/2012,NR
411854,SPR,8/28/2012,NR
412383,MR,09/01/2017,NR
412383,FR,09/01/2017,NR
412383,SPR,09/02/2017,NR
414188,SPR,9/29/2014,BBB+
414188,MR,4/27/2018,A3
414188,FR,06/06/2019,A+
414471,MR,09/12/2012,NR
414471,FR,09/12/2012,NR
414471,SPR,9/13/2012,NR
416011,MR,9/15/2015,NR
416011,SPR,9/16/2015,NR
416011,FR,07/09/2016,NR
416429,MR,9/28/2012,NR
416429,FR,9/28/2012,NR
416429,SPR,9/29/2012,NR
416453,MR,10/01/2012,NR
416453,FR,10/01/2012,NR
416453,SPR,10/02/2012,NR
416716,MR,5/28/2015,A3
416716,FR,10/02/2017,NR
416716,SPR,10/03/2017,NR
417467,FR,02/03/2012,BBB
417467,MR,4/16/2012,NR
417467,SPR,6/18/2012,NR
418090,MR,10/17/2012,NR
418090,FR,10/17/2012,NR
418090,SPR,10/18/2012,NR
418182,MR,11/01/2012,NR
418182,FR,11/01/2012,NR
418182,SPR,11/06/2012,NR
418667,MR,10/23/2012,NR
418667,FR,10/23/2012,NR
418667,SPR,10/24/2012,NR
420213,MR,11/05/2012,NR
420213,FR,11/05/2012,NR
420213,SPR,11/06/2012,NR
420260,MR,11/02/2012,NR
420260,FR,11/02/2012,NR
420260,SPR,11/06/2012,NR
422169,MR,11/21/2017,NR
422169,FR,11/21/2017,NR
422169,SPR,11/22/2017,NR
423819,MR,12/06/2017,NR
423819,FR,12/06/2017,NR
423819,SPR,12/07/2017,NR
423825,MR,2/15/2013,NR
423825,FR,2/15/2013,NR
423825,SPR,2/16/2013,NR
424460,SPR,2/23/2015,BBB
424460,MR,10/19/2016,Baa1
424460,FR,03/01/2017,BBB
424461,MR,02/01/2018,NR
424461,FR,02/01/2018,NR
424461,SPR,02/02/2018,NR
425388,MR,12/15/2012,NR
425388,SPR,12/16/2012,NR
425388,FR,12/17/2012,NR
429889,MR,02/01/2018,NR
429889,FR,02/01/2018,NR
429889,SPR,02/02/2018,NR
430751,SPR,02/12/2008,BBB+
430751,FR,02/05/2013,NR
430751,MR,2/23/2018,Baa2
430893,MR,02/06/2008,NR
430893,FR,02/06/2008,NR
430893,SPR,02/11/2015,NR
430920,SPR,1/28/2008,NR
430920,MR,1/31/2013,NR
430920,FR,1/31/2013,NR
431454,MR,2/15/2018,NR
431454,FR,2/15/2018,NR
431454,SPR,2/16/2018,NR
431522,FR,2/25/2011,BBB+
431522,MR,2/15/2016,NR
431522,SPR,2/16/2016,NR
432167,FR,4/22/2014,BBB
432167,MR,2/15/2017,NR
432167,SPR,2/16/2017,NR
432644,SPR,12/02/2015,BBB+
432644,MR,2/21/2019,A3
432644,FR,06/12/2019,A
434007,FR,3/14/2008,NR
434007,MR,3/15/2018,NR
434007,SPR,3/16/2018,NR
434308,SPR,3/17/2010,NR
434308,MR,3/17/2010,NR
434308,FR,3/17/2010,NR
434384,MR,3/19/2018,NR
434384,FR,3/19/2018,NR
434384,SPR,3/20/2018,NR
434385,SPR,4/30/2009,BBB+
434385,FR,8/28/2018,A
434385,MR,5/21/2019,A3
435366,MR,04/01/2018,NR
435366,FR,04/01/2018,NR
435366,SPR,04/02/2018,NR
435459,SPR,12/20/2013,BBB+
435459,FR,1/29/2019,BBB-
435459,MR,06/06/2019,Baa3
436964,MR,04/11/2013,NR
436964,FR,04/11/2013,NR
436964,SPR,04/12/2013,NR
437288,MR,4/15/2013,NR
437288,FR,4/15/2013,NR
437288,SPR,4/16/2013,NR
437289,SPR,4/14/2008,AA
437289,MR,05/09/2018,Aa2
437289,FR,7/22/2019,AA
465098,SPR,4/23/2008,NR
465098,FR,4/23/2008,NR
465098,MR,05/07/2010,NR
465292,FR,4/30/2010,BB
465292,SPR,5/15/2011,NR
465292,MR,5/15/2011,NR
465470,MR,5/15/2013,NR
465470,FR,5/15/2013,NR
465470,SPR,5/16/2013,NR
466620,FR,6/24/2009,BBB
466620,SPR,06/11/2010,NR
466620,MR,06/11/2010,NR
466747,MR,5/15/2018,NR
466747,FR,5/15/2018,NR
466747,SPR,5/16/2018,NR
466806,FR,4/21/2009,A+
466806,SPR,5/13/2010,NR
466806,MR,5/13/2010,NR
466827,MR,5/15/2018,NR
466827,FR,5/15/2018,NR
466827,SPR,5/16/2018,NR
467368,MR,5/16/2013,NR
467368,FR,5/16/2013,NR
467368,SPR,5/17/2013,NR
467372,MR,5/16/2018,NR
467372,FR,5/16/2018,NR
467372,SPR,5/17/2018,NR
467374,SPR,5/15/2008,A
467374,MR,08/10/2016,A2
467374,FR,08/03/2018,A
467687,MR,8/23/2018,NR
467687,FR,8/23/2018,NR
467687,SPR,8/24/2018,NR
467688,SPR,2/23/2015,BBB
467688,MR,10/19/2016,Baa1
467688,FR,03/01/2017,BBB
467965,FR,5/21/2008,NR
467965,MR,6/28/2013,NR
467965,SPR,6/29/2013,NR
470958,FR,4/18/2013,A+
470958,MR,6/19/2013,NR
470958,SPR,6/20/2013,NR
480024,MR,8/19/2013,NR
480024,FR,8/19/2013,NR
480024,SPR,8/20/2013,NR
484343,SPR,10/27/2008,NR
484343,FR,10/27/2008,NR
484343,MR,10/31/2011,NR
485037,FR,6/26/1994,NR
485037,SPR,6/26/2012,NR
485037,MR,6/26/2012,NR
485094,FR,03/05/2012,A
485094,MR,11/07/2013,NR
485094,SPR,11/08/2013,NR
485119,MR,11/10/2013,NR
485119,FR,11/10/2013,NR
485119,SPR,11/11/2013,NR
485120,MR,11/10/2018,NR
485120,FR,11/10/2018,NR
485120,SPR,11/11/2018,NR
485122,SPR,12/20/2018,BBB
485122,MR,12/20/2018,A3
485122,FR,12/20/2018,BBB
485232,MR,3/17/2014,NR
485232,FR,3/17/2014,NR
485232,SPR,3/18/2014,NR
485602,FR,11/26/2008,AAA
485602,SPR,08/08/2011,AA+
485602,MR,6/15/2012,NR
485628,FR,12/01/2008,AAA
485628,SPR,12/01/2010,NR
485628,MR,12/01/2010,NR
485631,FR,12/01/2008,AAA
485631,SPR,08/08/2011,AA+
485631,MR,12/01/2011,NR
485635,FR,12/01/2008,AAA
485635,SPR,08/08/2011,AA+
485635,MR,12/01/2011,NR
485712,FR,12/01/2008,AAA
485712,SPR,03/04/2011,NR
485712,MR,03/04/2011,NR
485726,FR,11/26/2008,AAA
485726,SPR,12/05/2011,NR
485726,MR,12/05/2011,NR
485747,FR,12/02/2008,AAA
485747,SPR,12/09/2011,NR
485747,MR,12/09/2011,NR
485750,FR,12/02/2008,AAA
485750,SPR,12/09/2011,NR
485750,MR,12/09/2011,NR
485753,FR,12/02/2008,AAA
485753,SPR,12/09/2010,NR
485753,MR,12/09/2010,NR
487091,SPR,12/10/2008,AAA
487091,FR,12/11/2008,AAA
487091,MR,12/03/2010,NR
487227,FR,12/08/2008,AAA
487227,SPR,12/10/2010,NR
487227,MR,12/10/2010,NR
487290,MR,2/19/2014,NR
487290,SPR,2/20/2014,NR
487290,FR,3/19/2014,NR
487372,FR,12/17/2008,AAA
487372,SPR,9/22/2011,NR
487372,MR,9/22/2011,NR
487373,FR,8/30/2010,AAA
487373,SPR,9/22/2011,NR
487373,MR,9/22/2011,NR
487375,FR,12/22/2008,AAA
487375,SPR,6/22/2011,NR
487375,MR,6/22/2011,NR
487376,FR,12/22/2008,AAA
487376,SPR,6/22/2012,NR
487376,MR,6/22/2012,NR
487377,FR,12/22/2008,AAA
487377,SPR,6/22/2011,NR
487377,MR,6/22/2011,NR
487442,FR,1/29/2010,BBB+
487442,SPR,6/22/2010,NR
487442,MR,6/22/2010,NR
488969,FR,8/30/2010,AAA
488969,SPR,6/20/2012,NR
488969,MR,6/20/2012,NR
488970,FR,8/30/2010,AAA
488970,SPR,6/20/2012,NR
488970,MR,6/20/2012,NR
488972,FR,8/30/2010,AAA
488972,SPR,6/20/2012,NR
488972,MR,6/20/2012,NR
489028,MR,02/03/2014,NR
489028,FR,02/03/2014,NR
489028,SPR,02/04/2014,NR
489029,MR,02/01/2019,NR
489029,FR,02/01/2019,NR
489029,SPR,02/02/2019,NR
490285,MR,02/06/2014,NR
490285,FR,02/06/2014,NR
490285,SPR,02/08/2014,NR
490288,SPR,12/20/2018,BBB
490288,MR,12/20/2018,A3
490288,FR,12/20/2018,BBB
490292,MR,08/06/2019,NR
490292,FR,08/06/2019,NR
490292,SPR,08/07/2019,NR
490441,FR,8/30/2010,AAA
490441,SPR,08/08/2011,AA+
490441,MR,02/10/2012,NR
490788,SPR,02/12/2009,NR
490788,MR,02/12/2009,NR
490788,FR,6/21/2011,AAA
490971,SPR,2/24/2009,A
490971,FR,07/01/2010,A+
490971,MR,2/24/2011,NR
491020,SPR,2/13/2009,NR
491020,FR,2/13/2009,NR
491020,MR,03/08/2010,NR
491151,SPR,2/20/2009,NR
491151,FR,2/20/2009,NR
491151,MR,3/20/2010,NR
491976,FR,12/09/2010,AAA
491976,SPR,4/30/2012,NR
491976,MR,4/30/2012,NR
492417,FR,09/08/2010,A
492417,SPR,3/17/2011,NR
492417,MR,3/17/2011,NR
493024,FR,3/18/2011,AAA
493024,SPR,04/01/2012,NR
493024,MR,04/01/2012,NR
494916,SPR,4/25/2007,NR
494916,FR,4/25/2007,NR
494916,MR,4/30/2012,NR
494922,FR,03/05/2012,A
494922,MR,05/08/2014,NR
494922,SPR,05/09/2014,NR
495536,SPR,7/27/2007,NR
495536,FR,7/27/2007,NR
495536,MR,7/31/2012,NR
495537,SPR,08/08/2008,NR
495537,FR,08/08/2008,NR
495537,MR,8/15/2012,NR
495538,SPR,10/29/2007,NR
495538,FR,10/29/2007,NR
495538,MR,10/31/2012,NR
495819,MR,5/13/2014,NR
495819,FR,5/13/2014,NR
495819,SPR,5/14/2014,NR
496114,MR,5/15/2014,NR
496114,FR,5/15/2014,NR
496114,SPR,5/16/2014,NR
496140,SPR,03/11/2009,NR
496140,FR,03/11/2009,NR
496140,MR,02/01/2019,NR
496524,FR,5/29/2009,NR
496524,SPR,6/15/2011,NR
496524,MR,6/15/2011,NR
496526,FR,5/29/2009,NR
496526,MR,6/16/2014,NR
496526,SPR,6/17/2014,NR
497052,MR,06/10/2019,NR
497052,FR,06/10/2019,NR
497052,SPR,06/11/2019,NR
497735,SPR,06/08/2009,NR
497735,FR,7/30/2009,A
497735,MR,06/10/2010,NR
498683,SPR,07/10/2009,BBB
498683,FR,8/27/2018,BBB
498683,MR,11/19/2018,Baa2
498722,MR,07/01/2009,NR
498722,SPR,5/16/2014,NR
498722,FR,7/17/2018,BBB-
500135,SPR,11/20/2013,BBB
500135,MR,02/10/2017,Baa3
500135,FR,3/21/2019,BBB-
500541,SPR,12/02/2015,BBB+
500541,MR,2/21/2019,A3
500541,FR,06/12/2019,A
502051,MR,08/12/2014,NR
502051,FR,08/12/2014,NR
502051,SPR,8/13/2014,NR
504369,MR,10/15/2014,NR
504369,FR,10/15/2014,NR
504369,SPR,10/16/2014,NR
506299,MR,7/16/2018,Baa2
506299,FR,12/14/2018,A
506299,SPR,5/16/2019,BBB
506518,SPR,9/29/2009,NR
506518,FR,12/14/2009,A+
506518,MR,12/03/2010,NR
507746,MR,09/09/2009,NR
507746,FR,02/11/2013,BB+
507746,SPR,10/05/2018,NR
507992,MR,11/09/2012,NR
507992,FR,11/09/2012,NR
507992,SPR,11/10/2012,NR
510993,FR,12/15/2009,NR
510993,MR,7/30/2018,NR
510993,SPR,8/13/2018,NR
511882,SPR,10/17/2017,A
511882,MR,5/16/2019,A2
511882,FR,06/06/2019,A+
512315,FR,11/24/2009,NR
512315,SPR,4/17/2014,NR
512315,MR,12/01/2014,NR
512318,FR,11/24/2009,NR
512318,SPR,4/17/2014,NR
512318,MR,11/28/2014,NR
512373,FR,02/02/2011,BB
512373,MR,03/02/2011,NR
512373,SPR,03/02/2011,NR
512397,FR,02/02/2011,BB
512397,SPR,9/15/2011,NR
512397,MR,9/15/2011,NR
512400,MR,8/28/2012,NR
512400,FR,8/28/2012,NR
512400,SPR,8/29/2012,NR
512402,SPR,12/12/2014,BB+
512402,FR,8/28/2018,BB+
512402,MR,02/11/2019,Ba2
512644,SPR,01/04/2010,NR
512644,FR,01/04/2010,NR
512644,MR,04/01/2011,NR
512652,FR,02/02/2011,BB
512652,SPR,06/06/2011,NR
512652,MR,06/06/2011,NR
512664,MR,02/01/2012,NR
512664,FR,02/01/2012,NR
512664,SPR,02/01/2012,NR
512669,MR,12/01/2014,NR
512669,FR,12/01/2014,NR
512669,SPR,12/02/2014,NR
512682,MR,12/01/2014,NR
512682,FR,12/01/2014,NR
512682,SPR,12/02/2014,NR
512889,FR,01/04/2010,NR
512889,SPR,5/23/2012,NR
512889,MR,5/23/2012,NR
514699,MR,05/08/2013,NR
514699,FR,05/08/2013,NR
514699,SPR,05/09/2013,NR
514703,MR,02/09/2016,NR
514703,SPR,02/10/2016,NR
514703,FR,6/17/2016,NR
514705,SPR,2/23/2015,BBB
514705,MR,10/19/2016,Baa1
514705,FR,03/01/2017,BBB
514711,SPR,2/23/2015,BBB
514711,MR,10/19/2016,Baa1
514711,FR,03/01/2017,BBB
516957,SPR,10/04/2007,NR
516957,FR,10/04/2007,NR
516957,MR,10/10/2014,NR
518319,MR,3/16/2015,NR
518319,FR,3/16/2015,NR
518319,SPR,3/17/2015,NR
519147,SPR,3/25/2010,A
519147,MR,08/10/2016,A2
519147,FR,08/03/2018,A
519443,MR,04/07/2015,NR
519443,FR,04/07/2015,NR
519443,SPR,04/08/2015,NR
520332,SPR,4/20/2010,NR
520332,FR,8/24/2010,AA-
520332,MR,5/23/2011,NR
521632,SPR,4/27/2010,NR
521632,MR,05/03/2010,NR
521632,FR,8/24/2010,AA-
523115,FR,5/19/2015,NR
523115,MR,5/19/2015,NR
523115,SPR,5/20/2015,NR
523361,MR,4/27/2010,NR
523361,FR,4/27/2010,NR
523361,SPR,4/17/2014,NR
524973,SPR,06/02/2010,NR
524973,MR,6/23/2010,NR
524973,FR,1/26/2011,A+
525041,MR,12/13/2013,NR
525041,FR,12/13/2013,NR
525041,SPR,12/14/2013,NR
525557,SPR,07/02/2010,AA
525557,MR,05/09/2018,Aa2
525557,FR,7/22/2019,AA
525559,MR,07/08/2015,NR
525559,FR,07/08/2015,NR
525559,SPR,07/09/2015,NR
525561,SPR,07/02/2010,AA
525561,MR,05/09/2018,Aa2
525561,FR,7/22/2019,AA
527373,MR,7/24/2015,NR
527373,FR,7/24/2015,NR
527373,SPR,7/25/2015,NR
527563,SPR,4/23/2007,NR
527563,FR,4/23/2007,NR
527563,MR,4/30/2012,NR
527565,SPR,5/21/2007,NR
527565,FR,5/21/2007,NR
527565,MR,5/29/2012,NR
527567,SPR,5/25/2007,NR
527567,FR,5/25/2007,NR
527567,MR,5/30/2012,NR
527601,SPR,6/25/2007,NR
527601,FR,6/25/2007,NR
527601,MR,07/02/2012,NR
527603,SPR,6/26/2007,NR
527603,FR,6/26/2007,NR
527603,MR,6/28/2012,NR
527691,SPR,3/28/2006,NR
527691,FR,3/28/2006,NR
527691,MR,3/31/2016,NR
527697,SPR,5/30/2006,NR
527697,FR,5/30/2006,NR
527697,MR,11/30/2011,NR
527715,MR,10/28/2009,NR
527715,FR,10/28/2009,NR
527715,SPR,4/17/2014,NR
528530,SPR,7/21/2010,NR
528530,FR,11/02/2010,AA-
528530,MR,7/25/2013,NR
529075,SPR,12/02/2015,BBB+
529075,MR,2/21/2019,A3
529075,FR,06/12/2019,A
529577,MR,7/16/2018,Baa2
529577,FR,12/14/2018,A
529577,SPR,5/16/2019,A-
529579,MR,8/23/2013,NR
529579,FR,8/23/2013,NR
529579,SPR,8/24/2013,NR
529581,MR,8/23/2013,NR
529581,FR,8/23/2013,NR
529581,SPR,8/24/2013,NR
529679,MR,8/13/2013,NR
529679,FR,8/13/2013,NR
529679,SPR,8/14/2013,NR
529719,SPR,8/20/2010,NR
529719,FR,8/20/2010,NR
529719,MR,5/30/2013,NR
529843,MR,8/26/2013,NR
529843,FR,8/26/2013,NR
529843,SPR,8/27/2013,NR
531373,MR,9/21/2015,NR
531373,SPR,9/22/2015,NR
531373,FR,07/09/2016,NR
531627,SPR,11/29/2011,A-
531627,MR,9/28/2017,A3
531627,FR,06/07/2019,A+
532962,SPR,09/09/2010,NR
532962,MR,9/23/2010,NR
532962,FR,11/02/2010,AA-
533172,FR,9/13/2010,NR
533172,SPR,10/17/2017,A
533172,MR,5/16/2019,A2
534269,MR,9/26/2012,NR
534269,FR,10/26/2012,NR
534269,SPR,10/27/2012,NR
535302,SPR,9/30/2010,NR
535302,FR,9/30/2010,NR
535302,MR,9/30/2013,NR
535392,SPR,9/29/2014,BBB-
535392,MR,5/16/2019,Ba1
535392,FR,06/06/2019,A-
535624,SPR,10/11/2010,NR
535624,MR,10/19/2010,NR
535624,FR,1/26/2011,A+
535819,MR,1/15/2016,NR
535819,SPR,1/16/2016,NR
535819,FR,7/16/2016,NR
535945,FR,11/16/2010,NR
535945,MR,11/14/2012,NR
535945,SPR,11/15/2012,NR
536341,FR,12/01/2010,NR
536341,MR,10/16/2015,NR
536341,SPR,2/26/2016,NR
538818,MR,11/12/2015,NR
538818,SPR,11/13/2015,NR
538818,FR,07/09/2016,NR
538842,SPR,11/05/2010,NR
538842,MR,11/08/2013,NR
538842,FR,11/08/2013,NR
539114,MR,9/28/2010,NR
539114,FR,9/28/2010,NR
539114,SPR,1/23/2012,NR
539196,SPR,11/22/2010,NR
539196,FR,11/22/2010,NR
539196,MR,11/15/2018,NR
539249,MR,7/16/2018,Baa2
539249,FR,12/14/2018,A
539249,SPR,5/16/2019,A-
539251,MR,01/11/2014,NR
539251,FR,01/11/2014,NR
539251,SPR,01/12/2014,NR
539357,MR,1/13/2014,NR
539357,FR,1/13/2014,NR
539357,SPR,1/14/2014,NR
539359,MR,1/13/2014,NR
539359,FR,1/13/2014,NR
539359,SPR,1/14/2014,NR
539498,SPR,11/15/2010,NR
539498,MR,12/22/2011,NR
539498,FR,12/22/2011,NR
539509,MR,1/21/2016,NR
539509,SPR,1/22/2016,NR
539509,FR,7/22/2016,NR
539511,SPR,05/08/2018,A+
539511,FR,12/14/2018,A+
539511,MR,1/29/2019,Aa3
539702,SPR,11/17/2010,NR
539702,MR,11/21/2012,NR
539702,FR,11/21/2012,NR
539973,MR,02/07/2016,NR
539973,SPR,02/08/2016,NR
539973,FR,6/22/2016,NR
539977,MR,02/07/2014,NR
539977,FR,02/07/2014,NR
539977,SPR,02/08/2014,NR
539991,SPR,03/11/2016,BBB
539991,MR,12/19/2018,Baa3
539991,FR,5/17/2019,BBB
540016,SPR,11/18/2010,NR
540016,FR,11/21/2014,NR
540016,MR,11/21/2014,NR
541151,MR,02/11/2014,NR
541151,FR,02/11/2014,NR
541151,SPR,02/12/2014,NR
542718,SPR,12/20/2010,NR
542718,MR,12/24/2014,NR
542718,FR,12/24/2014,NR
542965,MR,3/16/2016,NR
542965,SPR,3/17/2016,NR
542965,FR,9/17/2016,NR
543109,MR,3/25/2014,NR
543109,FR,3/25/2014,NR
543109,SPR,3/26/2014,NR
543752,SPR,01/05/2011,NR
543752,MR,01/05/2011,NR
543752,FR,03/04/2011,AA-
543812,FR,1/13/2014,NR
543812,MR,1/13/2014,NR
543812,SPR,1/14/2014,NR
543876,SPR,01/06/2011,NR
543876,MR,01/09/2015,NR
543876,FR,01/09/2015,NR
544576,SPR,1/18/2011,NR
544576,MR,1/18/2011,NR
544576,FR,03/04/2011,AA-
544958,SPR,12/02/2015,BBB+
544958,MR,5/16/2019,A3
544958,FR,06/12/2019,A
545570,SPR,1/26/2011,NR
545570,MR,1/26/2011,NR
545570,FR,03/04/2011,AA-
545774,SPR,1/27/2011,NR
545774,MR,1/27/2011,NR
545774,FR,03/04/2011,AA-
546082,SPR,02/02/2011,NR
546082,MR,02/02/2011,NR
546082,FR,03/04/2011,AA-
546430,SPR,02/04/2011,NR
546430,FR,8/18/2011,AA-
546430,MR,2/13/2012,NR
547680,FR,2/22/2011,NR
547680,MR,2/25/2018,NR
547680,SPR,2/26/2018,NR
548144,MR,2/28/2016,NR
548144,SPR,2/29/2016,NR
548144,FR,8/29/2016,NR
548158,SPR,2/23/2011,NR
548158,MR,2/23/2011,NR
548158,FR,7/21/2011,AA-
553065,MR,4/15/2014,NR
553065,SPR,4/16/2014,NR
553065,FR,4/16/2014,NR
553067,MR,4/15/2016,NR
553067,SPR,4/16/2016,NR
553067,FR,10/16/2016,NR
553069,SPR,04/12/2011,AA
553069,MR,05/09/2018,Aa2
553069,FR,7/22/2019,AA
553071,SPR,04/12/2011,AA
553071,MR,05/09/2018,Aa2
553071,FR,7/22/2019,AA
553311,MR,4/27/2016,NR
553311,SPR,4/28/2016,NR
553311,FR,10/28/2016,NR
553313,MR,4/25/2014,NR
553313,FR,4/26/2014,NR
553313,SPR,4/30/2014,NR
553315,MR,4/25/2014,NR
553315,FR,4/26/2014,NR
553315,SPR,4/30/2014,NR
555123,MR,11/21/2012,NR
555123,FR,11/21/2012,NR
555123,SPR,11/22/2012,NR
555125,MR,5/21/2013,NR
555125,FR,5/21/2013,NR
555125,SPR,01/01/2014,NR
555285,MR,6/15/2015,NR
555285,FR,6/15/2015,NR
555285,SPR,6/16/2015,NR
555781,MR,6/15/2016,NR
555781,SPR,6/16/2016,NR
555781,FR,12/16/2016,NR
556003,FR,6/20/2011,NR
556003,MR,6/21/2013,NR
556003,SPR,01/01/2014,NR
556036,FR,4/25/2011,NR
556036,SPR,12/02/2015,A-
556036,MR,10/25/2018,A2
556516,FR,4/26/2011,NR
556516,SPR,4/17/2014,NR
556516,MR,12/01/2014,NR
558375,FR,07/02/2012,A
558375,MR,7/14/2014,NR
558375,SPR,7/15/2014,NR
558517,MR,7/18/2014,NR
558517,FR,7/18/2014,NR
558517,SPR,7/19/2014,NR
558541,MR,7/15/2016,NR
558541,SPR,7/16/2016,NR
558541,FR,1/16/2017,NR
558543,SPR,7/19/2011,BBB
558543,FR,9/27/2018,A-
558543,MR,10/30/2018,Baa1
558545,MR,7/15/2014,NR
558545,FR,7/15/2014,NR
558545,SPR,7/16/2014,NR
558577,MR,7/15/2014,NR
558577,FR,7/15/2014,NR
558577,SPR,7/16/2014,NR
558691,SPR,12/02/2015,BBB+
558691,MR,5/16/2019,A3
558691,FR,06/12/2019,A
558769,MR,7/29/2013,NR
558769,FR,7/29/2013,NR
558769,SPR,7/30/2013,NR
558782,SPR,5/25/2011,NR
558782,FR,12/15/2011,A
558782,MR,06/03/2013,NR
560344,FR,6/14/2011,NR
560344,MR,6/30/2015,NR
560344,SPR,09/02/2015,NR
560435,FR,8/16/2011,NR
560435,MR,8/15/2013,NR
560435,SPR,8/16/2013,NR
560465,FR,8/17/2011,NR
560465,MR,8/23/2013,NR
560465,SPR,8/24/2013,NR
561849,SPR,2/14/2018,NR
561849,FR,3/30/2018,NR
561849,MR,12/10/2018,NR
563371,SPR,12/02/2015,BBB+
563371,MR,2/21/2019,A3
563371,FR,06/12/2019,A
563397,FR,03/05/2012,A
563397,MR,11/01/2016,NR
563397,SPR,11/02/2016,NR
563426,MR,7/14/2011,NR
563426,SPR,7/14/2011,NR
563426,FR,07/09/2019,NR
564534,FR,7/22/2011,NR
564534,MR,7/27/2018,NR
564534,SPR,7/28/2018,NR
565031,SPR,11/11/2011,A
565031,MR,08/10/2016,A2
565031,FR,08/03/2018,A
565033,SPR,11/11/2011,A
565033,MR,08/10/2016,A2
565033,FR,08/03/2018,A
565163,SPR,02/03/2015,A
565163,MR,4/27/2018,A2
565163,FR,06/06/2019,AA-
565171,SPR,02/03/2015,A
565171,MR,4/27/2018,A2
565171,FR,06/06/2019,AA-
565457,FR,03/05/2012,A
565457,MR,06/06/2013,NR
565457,SPR,06/07/2013,NR
565459,FR,03/05/2012,A
565459,MR,12/06/2013,NR
565459,SPR,12/07/2013,NR
566623,FR,12/09/2014,NR
566623,MR,12/09/2014,NR
566623,SPR,12/10/2014,NR
566661,MR,08/01/2016,Baa1
566661,SPR,08/02/2016,BBB
566661,FR,9/27/2018,BBB+
566767,SPR,12/02/2015,A-
566767,MR,10/25/2018,A2
566767,FR,06/12/2019,AA-
568531,FR,01/10/2017,NR
568531,MR,01/10/2017,NR
568531,SPR,01/11/2017,NR
568589,MR,9/24/2012,NR
568589,SPR,9/25/2012,NR
568589,FR,11/09/2012,BBB
568831,SPR,12/02/2015,BBB+
568831,MR,5/16/2019,A3
568831,FR,06/12/2019,A
568833,SPR,12/02/2015,BBB+
568833,MR,2/21/2019,A3
568833,FR,06/12/2019,A
569115,MR,1/26/2012,NR
569115,FR,3/24/2015,NR
569115,SPR,01/04/2017,NR
570705,MR,2/23/2015,NR
570705,FR,2/23/2015,NR
570705,SPR,2/24/2015,NR
570871,MR,03/02/2015,NR
570871,FR,03/02/2015,NR
570871,SPR,03/03/2015,NR
572609,MR,3/20/2017,NR
572609,FR,3/20/2017,NR
572609,SPR,3/21/2017,NR
572613,SPR,3/16/2012,A
572613,MR,08/10/2016,A2
572613,FR,08/03/2018,A
572761,MR,3/28/2017,NR
572761,FR,3/28/2017,NR
572761,SPR,3/29/2017,NR
572919,SPR,02/03/2015,A
572919,FR,9/28/2017,AA-
572919,MR,4/27/2018,A2
573132,FR,10/11/2011,NR
573132,SPR,4/17/2014,NR
573132,MR,10/14/2015,NR
573222,FR,10/11/2011,NR
573222,MR,10/14/2016,NR
573222,SPR,10/15/2016,NR
573762,FR,10/17/2011,NR
573762,MR,11/02/2015,NR
573762,SPR,01/05/2016,NR
574551,FR,04/12/2012,NR
574551,MR,4/17/2015,NR
574551,SPR,4/18/2015,NR
574823,MR,05/03/2015,NR
574823,SPR,05/04/2015,NR
574823,FR,05/05/2015,NR
575388,SPR,5/22/2008,NR
575388,FR,5/22/2008,NR
575388,MR,5/29/2013,NR
575686,FR,11/14/2011,NR
575686,MR,11/15/2016,NR
575686,SPR,11/16/2016,NR
575979,MR,05/10/2012,NR
575979,FR,05/10/2012,NR
575979,SPR,6/15/2017,BBB+
576003,MR,06/01/2014,NR
576003,SPR,06/04/2014,NR
576003,FR,06/04/2014,NR
576121,MR,12/02/2013,NR
576121,FR,12/02/2013,NR
576121,SPR,12/03/2013,NR
576123,MR,06/01/2015,NR
576123,FR,06/01/2015,NR
576123,SPR,06/02/2015,NR
576294,MR,11/09/2011,NR
576294,FR,11/21/2016,NR
576294,SPR,11/22/2016,NR
576820,FR,11/14/2011,NR
576820,SPR,4/17/2014,NR
576820,MR,11/17/2015,NR
578965,MR,08/01/2014,NR
578965,SPR,08/02/2014,NR
578965,FR,10/17/2018,A-
579017,SPR,08/10/2012,A-
579017,MR,08/07/2015,NR
579017,FR,08/08/2015,NR
579931,SPR,12/20/2018,BBB
579931,MR,12/20/2018,A3
579931,FR,12/20/2018,BBB
579933,SPR,12/20/2018,BBB
579933,MR,12/20/2018,A3
579933,FR,12/20/2018,BBB
580009,FR,08/08/2012,NR
580009,SPR,08/05/2015,A-
580009,MR,12/19/2018,A2
580083,MR,8/21/2017,NR
580083,FR,8/21/2017,NR
580083,SPR,8/22/2017,NR
580085,SPR,8/15/2012,A
580085,MR,08/10/2016,A2
580085,FR,08/03/2018,A
580087,SPR,8/15/2012,A
580087,MR,08/10/2016,A2
580087,FR,08/03/2018,A
583753,FR,11/01/2012,NR
583753,MR,11/06/2015,NR
583753,SPR,11/07/2015,NR
583817,MR,11/02/2015,NR
583817,SPR,11/03/2015,NR
583817,FR,07/09/2016,NR
583876,MR,02/06/2012,NR
583876,FR,02/06/2012,NR
583876,SPR,2/16/2017,NR
585851,MR,1/15/2016,NR
585851,SPR,1/16/2016,NR
585851,FR,7/16/2016,NR
586042,FR,2/13/2012,NR
586042,SPR,10/17/2017,A
586042,MR,5/16/2019,A2
587721,MR,06/05/2017,NR
587721,SPR,06/06/2017,NR
587721,FR,11/27/2017,NR
587723,MR,8/23/2018,NR
587723,FR,8/23/2018,NR
587723,SPR,8/24/2018,NR
587725,MR,2/26/2019,Baa3
587725,SPR,6/20/2019,BBB-
587725,FR,08/12/2019,BBB-
587727,MR,2/26/2019,Baa3
587727,SPR,6/20/2019,BBB-
587727,FR,08/12/2019,BBB-
587729,FR,12/07/2012,NR
587729,MR,2/26/2019,Baa3
587729,SPR,6/20/2019,BBB-
587731,MR,2/26/2019,Baa3
587731,SPR,6/20/2019,BBB-
587731,FR,08/12/2019,BBB-
587733,MR,2/26/2019,Baa3
587733,SPR,6/20/2019,BBB-
587733,FR,08/12/2019,BBB-
587947,SPR,12/02/2015,BBB+
587947,MR,5/16/2019,A3
587947,FR,06/12/2019,A
587949,MR,1/22/2018,NR
587949,FR,1/22/2018,NR
587949,SPR,1/23/2018,NR
588121,MR,02/11/2016,NR
588121,SPR,02/12/2016,NR
588121,FR,6/17/2016,NR
588201,MR,02/01/2013,NR
588201,FR,11/08/2017,NR
588201,SPR,11/09/2017,NR
588943,SPR,12/02/2015,BBB
588943,MR,2/21/2019,Baa2
588943,FR,06/12/2019,A-
589049,MR,02/12/2016,NR
589049,SPR,2/13/2016,NR
589049,FR,6/17/2016,NR
589383,SPR,12/02/2015,BBB+
589383,MR,2/21/2019,A3
589383,FR,06/12/2019,A
589509,MR,2/26/2016,NR
589509,SPR,2/27/2016,NR
589509,FR,8/27/2016,NR
589529,MR,2/26/2015,NR
589529,FR,2/26/2015,NR
589529,SPR,2/27/2015,NR
589533,SPR,2/27/2013,A
589533,MR,08/10/2016,A2
589533,FR,08/03/2018,A
589535,SPR,2/27/2013,A
589535,MR,08/10/2016,A2
589535,FR,08/03/2018,A
590885,MR,04/01/2016,NR
590885,SPR,04/02/2016,NR
590885,FR,10/02/2016,NR
590887,MR,04/01/2016,NR
590887,SPR,04/02/2016,NR
590887,FR,10/02/2016,NR
592239,MR,05/01/2018,NR
592239,FR,05/01/2018,NR
592239,SPR,05/02/2018,NR
592301,FR,4/24/2013,NR
592301,MR,4/29/2015,NR
592301,SPR,6/30/2015,NR
592327,SPR,12/20/2018,BBB
592327,MR,12/20/2018,A3
592327,FR,12/20/2018,BBB
592329,SPR,12/20/2018,BBB
592329,MR,12/20/2018,A3
592329,FR,12/20/2018,BBB
593277,FR,05/07/2013,NR
593277,MR,05/10/2018,NR
593277,SPR,05/11/2018,NR
593281,SPR,12/02/2015,BBB
593281,MR,2/21/2019,Baa2
593281,FR,06/12/2019,A-
593339,MR,5/15/2018,NR
593339,FR,5/15/2018,NR
593339,SPR,5/16/2018,NR
593477,MR,3/16/2018,NR
593477,FR,09/10/2018,NR
593477,SPR,06/02/2019,NR
593959,MR,7/16/2018,Baa3
593959,FR,12/14/2018,A-
593959,SPR,5/16/2019,BB+
594721,MR,12/11/2014,NR
594721,FR,12/11/2014,NR
594721,SPR,12/12/2014,NR
597005,MR,7/19/2018,NR
597005,FR,7/19/2018,NR
597005,SPR,7/20/2018,NR
597041,MR,7/25/2016,NR
597041,SPR,7/26/2016,NR
597041,FR,1/26/2017,NR
597043,MR,7/25/2016,NR
597043,SPR,7/26/2016,NR
597043,FR,1/26/2017,NR
598515,MR,8/23/2018,NR
598515,FR,8/23/2018,NR
598515,SPR,8/24/2018,NR
598579,FR,8/22/2013,NR
598579,MR,9/28/2015,NR
598579,SPR,11/28/2015,NR
599491,MR,09/10/2018,NR
599491,FR,09/10/2018,NR
599491,SPR,09/11/2018,NR
599571,SPR,12/02/2015,BBB
599571,MR,2/21/2019,Baa2
599571,FR,06/12/2019,A-
599573,SPR,12/02/2015,BBB
599573,MR,2/21/2019,Baa2
599573,FR,06/12/2019,A-
599611,MR,9/14/2018,NR
599611,FR,9/14/2018,NR
599611,SPR,9/15/2018,NR
599613,MR,9/15/2016,NR
599613,SPR,9/16/2016,NR
599613,FR,3/16/2017,NR
599767,MR,9/26/2018,NR
599767,FR,9/26/2018,NR
599767,SPR,9/27/2018,NR
599850,FR,07/02/2012,NR
599850,SPR,05/08/2018,A+
599850,MR,1/29/2019,Aa3
599935,MR,9/24/2013,NR
599935,FR,9/24/2013,NR
599935,SPR,12/20/2017,BBB-
601361,SPR,12/02/2015,BBB+
601361,MR,2/21/2019,A3
601361,FR,06/12/2019,A
601451,SPR,12/20/2018,BBB
601451,MR,12/20/2018,A3
601451,FR,12/20/2018,BBB
601453,SPR,12/20/2018,BBB
601453,MR,12/20/2018,A3
601453,FR,12/20/2018,BBB
601529,SPR,12/02/2015,BBB+
601529,MR,2/21/2019,A3
601529,FR,06/12/2019,A
602210,FR,7/18/2012,NR
602210,SPR,05/08/2018,A+
602210,MR,1/29/2019,Aa3
602474,FR,7/24/2012,NR
602474,MR,02/09/2015,NR
602474,SPR,4/14/2015,NR
602517,MR,1/15/2019,NR
602517,FR,1/15/2019,NR
602517,SPR,1/16/2019,NR
602519,SPR,11/05/2013,A
602519,MR,08/10/2016,A2
602519,FR,08/03/2018,A
602521,SPR,11/05/2013,A
602521,MR,08/10/2016,A2
602521,FR,08/03/2018,A
602587,FR,11/04/2013,NR
602587,MR,05/07/2015,NR
602587,SPR,05/08/2015,NR
602589,FR,11/04/2013,NR
602589,MR,11/06/2015,NR
602589,SPR,11/07/2015,NR
602591,FR,11/04/2013,NR
602591,MR,11/07/2016,NR
602591,SPR,11/08/2016,NR
602609,MR,11/09/2018,NR
602609,FR,11/09/2018,NR
602609,SPR,11/10/2018,NR
602637,MR,11/15/2016,NR
602637,FR,11/15/2016,NR
602637,SPR,11/16/2016,NR
602639,MR,11/15/2016,NR
602639,FR,11/15/2016,NR
602639,SPR,11/16/2016,NR
602735,MR,11/12/2013,NR
602735,SPR,05/01/2015,A
602735,FR,4/22/2019,BBB
602741,SPR,12/02/2015,A
602741,MR,11/22/2017,A1
602741,FR,6/24/2019,AA-
602885,MR,11/27/2018,NR
602885,FR,11/27/2018,NR
602885,SPR,11/28/2018,NR
602946,FR,08/08/2012,NR
602946,SPR,4/17/2014,NR
602946,MR,11/13/2014,NR
603648,FR,8/28/2012,NR
603648,SPR,4/17/2014,NR
603648,MR,8/31/2017,NR
604206,FR,8/29/2012,NR
604206,SPR,4/17/2014,NR
604206,MR,09/04/2017,NR
604345,MR,12/15/2015,NR
604345,SPR,12/16/2015,NR
604345,FR,07/09/2016,NR
604347,MR,12/15/2016,NR
604347,FR,12/15/2016,NR
604347,SPR,12/16/2016,NR
604439,MR,7/16/2018,Baa3
604439,FR,12/14/2018,A-
604439,SPR,5/16/2019,BB+
605717,MR,02/01/2019,NR
605717,FR,02/01/2019,NR
605717,SPR,02/02/2019,NR
605853,FR,1/22/2014,NR
605853,MR,1/27/2017,NR
605853,SPR,1/28/2017,NR
605855,FR,1/22/2014,NR
605855,MR,02/01/2019,NR
605855,SPR,02/02/2019,NR
605947,MR,1/17/2017,NR
605947,SPR,1/28/2017,NR
605947,FR,02/03/2017,NR
606913,FR,02/05/2014,NR
606913,MR,05/10/2019,NR
606913,SPR,05/11/2019,NR
606919,MR,12/30/2016,NR
606919,FR,1/20/2017,NR
606919,SPR,1/31/2017,NR
606921,FR,1/27/2014,NR
606921,MR,12/30/2016,NR
606921,SPR,1/31/2017,NR
606923,MR,01/03/2017,NR
606923,FR,1/20/2017,NR
606923,SPR,1/31/2017,NR
606983,MR,2/20/2019,NR
606983,FR,2/20/2019,NR
606983,SPR,2/21/2019,NR
606985,MR,2/17/2017,NR
606985,FR,2/17/2017,NR
606985,SPR,2/18/2017,NR
607191,SPR,12/02/2015,BBB+
607191,MR,5/16/2019,A3
607191,FR,06/12/2019,A
607229,MR,9/15/2017,NR
607229,FR,9/15/2017,NR
607229,SPR,9/17/2017,NR
607496,SPR,09/11/2012,NR
607496,FR,09/11/2012,NR
607496,MR,9/19/2014,NR
607792,FR,9/19/2012,NR
607792,SPR,4/17/2014,NR
607792,MR,12/29/2014,NR
608089,MR,03/10/2017,NR
608089,FR,03/10/2017,NR
608089,SPR,03/11/2017,NR
608091,MR,03/10/2017,NR
608091,FR,03/10/2017,NR
608091,SPR,03/11/2017,NR
608141,MR,03/11/2019,NR
608141,FR,03/11/2019,NR
608141,SPR,03/12/2019,NR
608145,SPR,9/29/2014,BBB+
608145,MR,4/27/2018,A3
608145,FR,6/21/2018,A+
608146,MR,9/20/2012,NR
608146,FR,9/20/2012,NR
608146,SPR,9/28/2017,NR
608147,SPR,9/29/2014,BBB+
608147,FR,9/28/2017,A+
608147,MR,4/27/2018,A3
608225,MR,3/13/2017,NR
608225,SPR,3/14/2017,NR
608225,FR,7/25/2017,NR
608227,SPR,03/11/2014,A
608227,FR,01/03/2019,A+
608227,MR,01/08/2019,Aa3
608229,MR,3/13/2017,NR
608229,SPR,3/14/2017,NR
608229,FR,7/25/2017,NR
608657,MR,3/30/2017,NR
608657,FR,3/30/2017,NR
608657,SPR,3/31/2017,NR
608685,MR,04/08/2019,NR
608685,FR,04/08/2019,NR
608685,SPR,04/09/2019,NR
608687,MR,04/08/2019,NR
608687,FR,04/08/2019,NR
608687,SPR,04/09/2019,NR
610017,SPR,3/14/2018,BB-
610017,FR,03/07/2019,BB
610017,MR,7/30/2019,B2
610185,MR,05/01/2017,NR
610185,FR,05/01/2017,NR
610185,SPR,05/02/2017,NR
610215,SPR,12/02/2015,BBB
610215,MR,2/21/2019,Baa2
610215,FR,06/12/2019,A-
610374,FR,10/09/2012,NR
610374,SPR,4/17/2014,NR
610374,MR,01/12/2015,NR
611349,SPR,10/17/2017,A
611349,MR,5/16/2019,A2
611349,FR,06/06/2019,A+
613802,MR,03/12/2013,NR
613802,SPR,07/02/2013,BB+
613802,FR,06/06/2019,BBB+
613928,MR,11/23/2015,NR
613928,SPR,11/24/2015,NR
613928,FR,07/09/2016,NR
613932,MR,11/21/2014,NR
613932,FR,11/21/2014,NR
613932,SPR,11/22/2014,NR
614500,SPR,10/17/2017,A
614500,MR,5/16/2019,A2
614500,FR,06/06/2019,A+
614641,MR,7/29/2019,NR
614641,FR,7/29/2019,NR
614641,SPR,7/30/2019,NR
614753,SPR,12/02/2015,BBB
614753,MR,2/21/2019,Baa2
614753,FR,06/12/2019,A-
615264,FR,12/10/2012,NR
615264,MR,6/15/2014,NR
615264,SPR,6/16/2014,NR
615864,FR,12/21/2012,NR
615864,SPR,4/17/2014,NR
615864,MR,12/27/2017,NR
615967,MR,8/14/2017,NR
615967,FR,8/14/2017,NR
615967,SPR,8/15/2017,NR
615969,SPR,08/07/2014,AA
615969,MR,12/19/2018,Aa2
615969,FR,1/18/2019,A+
616339,SPR,9/29/2014,BB+
616339,MR,5/16/2019,Ba1
616339,FR,06/06/2019,A-
617796,FR,1/28/2013,NR
617796,SPR,4/17/2014,NR
617796,MR,1/31/2018,NR
617870,FR,1/28/2013,NR
617870,SPR,4/17/2014,NR
617870,MR,1/31/2018,NR
617879,MR,8/29/2017,NR
617879,FR,09/06/2017,NR
617879,SPR,9/30/2017,NR
617951,MR,12/15/2017,NR
617951,FR,04/12/2018,NR
617951,SPR,6/16/2018,NR
617953,SPR,9/30/2014,A-
617953,FR,8/27/2018,A-
617953,MR,11/19/2018,A3
617967,FR,7/25/2017,A
617967,MR,9/29/2017,NR
617967,SPR,9/30/2017,NR
617981,FR,7/25/2017,A
617981,MR,9/29/2017,NR
617981,SPR,9/30/2017,NR
618840,FR,01/08/2013,NR
618840,SPR,02/03/2015,A
618840,MR,9/28/2017,A2
619475,FR,10/27/2014,NR
619475,SPR,10/28/2014,AA-
619475,MR,4/19/2018,Aa3
619820,MR,1/25/2013,NR
619820,FR,1/25/2013,NR
619820,SPR,4/17/2014,NR
619945,MR,11/09/2017,NR
619945,FR,11/09/2017,NR
619945,SPR,11/10/2017,NR
619947,SPR,11/04/2014,A
619947,MR,08/10/2016,A2
619947,FR,08/03/2018,A
619949,SPR,11/04/2014,A
619949,MR,08/10/2016,A2
619949,FR,08/03/2018,A
620028,FR,1/20/2013,NR
620028,MR,1/22/2013,NR
620028,SPR,06/01/2018,BBB+
620529,FR,11/21/2014,NR
620529,SPR,05/08/2018,A+
620529,MR,1/29/2019,Aa3
620573,MR,11/24/2017,NR
620573,FR,11/24/2017,NR
620573,SPR,11/25/2017,NR
620728,FR,1/28/2013,NR
620728,MR,8/16/2016,Baa1
620728,SPR,4/27/2018,BBB
620913,FR,12/04/2014,NR
620913,MR,6/15/2016,NR
620913,SPR,6/16/2016,NR
622394,MR,2/13/2013,NR
622394,FR,2/13/2013,NR
622394,SPR,06/01/2018,BBB+
622626,MR,02/11/2015,NR
622626,FR,02/11/2015,NR
622626,SPR,02/12/2015,NR
622697,MR,11/24/2017,NR
622697,FR,11/24/2017,NR
622697,SPR,11/25/2017,NR
622980,FR,2/20/2013,NR
622980,MR,2/25/2014,NR
622980,SPR,2/26/2015,NR
623843,FR,01/07/2015,NR
623843,MR,12/19/2017,NR
623843,SPR,1/13/2018,NR
624649,FR,02/02/2018,NR
624649,MR,02/05/2018,NR
624649,SPR,02/06/2018,NR
625653,SPR,12/02/2015,BBB+
625653,MR,2/21/2019,A3
625653,FR,06/12/2019,A
625878,FR,3/25/2013,NR
625878,SPR,10/17/2017,A
625878,MR,5/16/2019,A2
626119,MR,12/14/2018,Ba1
626119,SPR,12/17/2018,BB+
626119,FR,3/21/2019,BB
627209,FR,03/03/2015,NR
627209,SPR,4/26/2016,AA+
627209,MR,03/01/2018,NR
627253,MR,03/05/2018,NR
627253,FR,03/05/2018,NR
627253,SPR,03/06/2018,NR
627453,SPR,3/17/2015,BBB
627453,MR,5/16/2019,Baa3
627453,FR,06/06/2019,A
627637,FR,3/17/2015,NR
627637,MR,4/25/2016,NR
627637,SPR,8/15/2016,NR
627921,FR,1/18/2019,A
627921,SPR,03/12/2019,A
627921,MR,3/20/2019,NR
627923,FR,1/18/2019,A
627923,SPR,03/12/2019,A
627923,MR,3/20/2019,NR
627925,FR,1/18/2019,A
627925,SPR,03/12/2019,A
627925,MR,3/20/2019,NR
629449,FR,1/18/2019,A
629449,SPR,03/12/2019,A
629449,MR,3/20/2019,NR
629451,MR,5/18/2018,NR
629451,FR,5/18/2018,NR
629451,SPR,5/19/2018,NR
629453,FR,1/18/2019,A
629453,SPR,03/12/2019,A
629453,MR,3/20/2019,NR
629489,MR,10/11/2015,NR
629489,SPR,10/12/2015,NR
629489,FR,07/09/2016,NR
629491,FR,1/18/2019,A
629491,SPR,03/12/2019,A
629491,MR,3/20/2019,NR
629497,FR,1/18/2019,A
629497,SPR,03/12/2019,A
629497,MR,3/20/2019,NR
629499,FR,1/18/2019,A
629499,SPR,03/12/2019,A
629499,MR,3/20/2019,NR
629507,FR,1/18/2019,A
629507,SPR,03/12/2019,A
629507,MR,3/20/2019,NR
629513,FR,1/18/2019,A
629513,SPR,03/12/2019,A
629513,MR,3/20/2019,NR
629533,FR,1/18/2019,A
629533,SPR,03/12/2019,A
629533,MR,3/20/2019,NR
629551,FR,1/18/2019,A
629551,SPR,03/12/2019,A
629551,MR,3/20/2019,NR
629555,FR,1/18/2019,A
629555,SPR,03/12/2019,A
629555,MR,3/20/2019,NR
629557,FR,1/18/2019,A
629557,SPR,03/12/2019,A
629557,MR,3/20/2019,NR
629559,FR,1/18/2019,A
629559,SPR,03/12/2019,A
629559,MR,3/20/2019,NR
629561,FR,04/06/2015,NR
629561,SPR,03/12/2019,A
629561,MR,3/20/2019,NR
629759,MR,4/27/2018,NR
629759,FR,4/27/2018,NR
629759,SPR,4/28/2018,NR
629853,MR,4/30/2018,NR
629853,FR,4/30/2018,NR
629853,SPR,05/01/2018,NR
629864,MR,4/30/2018,NR
629864,FR,4/30/2018,NR
629864,SPR,05/01/2018,NR
629917,FR,01/11/2018,BBB
629917,MR,05/04/2018,NR
629917,SPR,05/06/2018,NR
631409,MR,06/01/2017,NR
631409,FR,06/01/2017,NR
631409,SPR,06/02/2017,NR
631555,FR,05/06/2015,NR
631555,MR,05/12/2017,NR
631555,SPR,5/14/2017,NR
631559,SPR,05/06/2015,AA+
631559,FR,05/06/2015,NR
631559,MR,4/27/2016,Aa1
631672,MR,5/22/2018,NR
631672,FR,5/22/2018,NR
631672,SPR,5/23/2018,NR
631677,MR,5/14/2018,NR
631677,FR,5/14/2018,NR
631677,SPR,5/15/2018,NR
631694,MR,5/22/2018,NR
631694,FR,5/22/2018,NR
631694,SPR,5/23/2018,NR
631743,MR,5/15/2018,NR
631743,FR,5/15/2018,NR
631743,SPR,5/16/2018,NR
631759,FR,5/13/2015,NR
631759,MR,5/18/2018,NR
631759,SPR,5/19/2018,NR
631763,FR,5/13/2015,NR
631763,MR,7/26/2018,A2
631763,SPR,7/30/2018,A-
632117,SPR,6/22/2015,BBB
632117,MR,5/16/2019,Baa3
632117,FR,06/06/2019,A
632197,SPR,12/02/2015,BBB+
632197,MR,2/21/2019,A3
632197,FR,06/12/2019,A
632205,SPR,12/02/2015,BBB
632205,MR,2/21/2019,Baa2
632205,FR,06/12/2019,A-
632673,FR,06/10/2015,NR
632673,MR,6/15/2018,NR
632673,SPR,6/16/2018,NR
632705,MR,6/15/2018,NR
632705,FR,6/15/2018,NR
632705,SPR,6/16/2018,NR
632767,MR,6/17/2015,NR
632767,FR,6/17/2015,NR
632767,SPR,12/20/2017,BBB-
634308,SPR,06/05/2013,NR
634308,MR,06/12/2013,NR
634308,FR,9/27/2018,A+
634646,SPR,06/10/2013,NR
634646,MR,6/16/2018,NR
634646,FR,6/29/2018,NR
634676,SPR,06/10/2013,NR
634676,MR,6/18/2013,NR
634676,FR,9/27/2018,A+
635965,MR,7/30/2018,NR
635965,FR,7/30/2018,NR
635965,SPR,7/31/2018,NR
635971,MR,7/30/2018,NR
635971,FR,7/30/2018,NR
635971,SPR,7/31/2018,NR
635985,SPR,12/02/2015,BBB+
635985,MR,2/21/2019,A3
635985,FR,06/12/2019,A
636079,SPR,03/11/2016,BBB
636079,MR,12/19/2018,Baa3
636079,FR,5/17/2019,BBB
637596,MR,7/30/2018,NR
637596,FR,7/30/2018,NR
637596,SPR,7/31/2018,NR
637783,SPR,1/26/2015,A
637783,FR,08/10/2015,NR
637783,MR,3/21/2018,A3
637815,SPR,8/14/2015,BBB
637815,FR,12/13/2016,A
637815,MR,5/16/2019,Baa3
637827,SPR,08/11/2015,BBB+
637827,FR,9/28/2017,A+
637827,MR,4/27/2018,A3
637907,FR,3/13/2017,A-
637907,SPR,3/28/2017,BBB-
637907,MR,07/07/2019,Baa3
637913,MR,8/24/2018,NR
637913,FR,8/24/2018,NR
637913,SPR,8/25/2018,NR
637915,MR,8/24/2018,NR
637915,FR,8/24/2018,NR
637915,SPR,8/25/2018,NR
638942,MR,09/01/2015,NR
638942,SPR,09/02/2015,NR
638942,FR,07/09/2016,NR
639577,MR,9/15/2017,NR
639577,FR,9/15/2017,NR
639577,SPR,9/17/2017,NR
639869,SPR,12/02/2015,BBB
639869,MR,2/21/2019,Baa2
639869,FR,06/12/2019,A-
641153,MR,1/15/2019,NR
641153,FR,1/15/2019,NR
641153,SPR,1/16/2019,NR
641205,SPR,10/15/2015,BBB
641205,FR,12/14/2018,A
641205,MR,01/08/2019,Baa1
641287,SPR,12/02/2015,BBB-
641287,MR,5/16/2019,Baa2
641287,FR,06/12/2019,A-
641299,SPR,12/02/2015,BBB+
641299,MR,2/21/2019,A3
641299,FR,06/12/2019,A
642073,MR,11/02/2015,NR
642073,FR,11/05/2018,NR
642073,SPR,11/06/2018,NR
642207,FR,11/09/2015,NR
642207,MR,11/09/2017,NR
642207,SPR,11/10/2017,NR
642221,MR,8/13/2015,Baa1
642221,SPR,11/10/2015,NR
642221,FR,5/31/2017,BBB+
642369,MR,11/17/2015,NR
642369,SPR,11/18/2015,BB-
642369,FR,8/28/2018,BB
642555,FR,12/03/2015,NR
642555,MR,12/07/2018,NR
642555,SPR,12/08/2018,NR
645047,FR,03/09/2017,NR
645047,MR,11/28/2018,NR
645047,SPR,1/28/2019,NR
645863,MR,01/08/2019,NR
645863,FR,01/08/2019,NR
645863,SPR,01/09/2019,NR
645969,FR,1/13/2016,NR
645969,SPR,1/14/2016,A-
645969,MR,12/10/2018,Baa1
647343,SPR,2/16/2016,AA+
647343,FR,2/16/2016,NR
647343,MR,4/27/2016,Aa1
647468,MR,11/15/2018,NR
647468,FR,11/15/2018,NR
647468,SPR,11/16/2018,NR
647471,SPR,03/01/2016,BBB+
647471,MR,5/16/2019,A3
647471,FR,06/12/2019,A
647475,SPR,2/22/2016,BBB+
647475,MR,1/30/2019,Baa1
647475,FR,02/01/2019,BBB
647597,SPR,03/01/2016,BBB+
647597,MR,01/09/2017,Baa1
647597,FR,9/27/2018,A-
647615,FR,2/29/2016,NR
647615,MR,2/28/2018,NR
647615,SPR,03/01/2018,NR
647968,MR,11/27/2018,NR
647968,FR,11/27/2018,NR
647968,SPR,11/28/2018,NR
648833,MR,3/14/2019,NR
648833,FR,3/14/2019,NR
648833,SPR,3/15/2019,NR
648895,MR,03/10/2016,Baa1
648895,SPR,4/27/2018,BBB+
648895,FR,9/27/2018,A-
648991,SPR,3/17/2016,BBB
648991,MR,12/19/2018,Baa3
648991,FR,5/17/2019,BBB
649100,FR,12/03/2013,NR
649100,MR,12/06/2018,NR
649100,SPR,12/07/2018,NR
649155,MR,2/22/2019,NR
649155,FR,03/01/2019,NR
649155,SPR,3/23/2019,NR
650180,MR,12/15/2016,NR
650180,FR,12/15/2016,NR
650180,SPR,12/16/2016,NR
650412,FR,10/17/2016,NR
650412,MR,10/17/2016,NR
650412,SPR,10/18/2016,NR
650959,MR,02/06/2018,A2
650959,SPR,02/07/2018,A-
650959,FR,9/27/2018,A+
650981,SPR,4/18/2016,BBB+
650981,MR,03/07/2018,A3
650981,FR,06/12/2019,A
651069,MR,4/25/2019,NR
651069,FR,4/25/2019,NR
651069,SPR,4/26/2019,NR
651451,SPR,06/09/2014,NR
651451,MR,2/21/2019,A3
651451,FR,06/12/2019,A
651725,SPR,5/25/2016,NR
651725,FR,5/25/2016,NR
651725,MR,5/16/2019,A3
653201,SPR,5/16/2016,BB+
653201,FR,6/18/2016,A-
653201,MR,5/16/2019,Ba1
653417,SPR,5/17/2016,A
653417,MR,11/22/2017,A1
653417,FR,6/24/2019,AA-
653419,SPR,5/17/2016,A
653419,MR,11/22/2017,A1
653419,FR,6/24/2019,AA-
653815,SPR,5/23/2016,NR
653815,FR,3/29/2018,A+
653815,MR,10/19/2018,Aa3
653859,FR,5/24/2016,NR
653859,MR,11/24/2017,NR
653859,SPR,11/25/2017,NR
653997,SPR,06/01/2016,A-
653997,MR,10/25/2018,A2
653997,FR,06/12/2019,AA-
653999,SPR,06/01/2016,A-
653999,MR,10/25/2018,A2
653999,FR,06/12/2019,AA-
654376,MR,1/31/2019,NR
654376,FR,1/31/2019,NR
654376,SPR,02/01/2019,NR
655501,FR,4/29/2016,NR
655501,MR,6/22/2018,NR
655501,SPR,6/23/2018,NR
655687,FR,6/15/2016,NR
655687,SPR,6/22/2016,AAA
655687,MR,6/22/2016,Aaa
655689,FR,6/15/2016,NR
655689,SPR,6/22/2016,AAA
655689,MR,6/22/2016,Aaa
655691,FR,6/15/2016,NR
655691,SPR,6/22/2016,AAA
655691,MR,6/22/2016,Aaa
655693,FR,6/15/2016,NR
655693,SPR,6/22/2016,AAA
655693,MR,6/22/2016,Aaa
655695,SPR,6/15/2016,NR
655695,FR,6/15/2016,NR
655695,MR,6/22/2016,Aaa
655905,MR,7/23/2017,NR
655905,FR,8/23/2017,NR
655905,SPR,8/24/2017,NR
660003,SPR,08/08/2016,AA
660003,MR,12/19/2018,Aa2
660003,FR,1/18/2019,A+
660309,MR,09/01/2018,NR
660309,FR,09/01/2018,NR
660309,SPR,09/02/2018,NR
661455,MR,10/29/2015,NR
661455,SPR,12/15/2015,BBB
661455,FR,9/27/2018,BBB
661457,SPR,10/26/2015,NR
661457,MR,10/26/2015,NR
661457,FR,9/27/2018,BBB
663108,FR,4/21/2014,NR
663108,MR,3/22/2016,NR
663108,SPR,4/23/2016,NR
663330,MR,05/08/2017,NR
663330,FR,05/12/2017,NR
663330,SPR,06/02/2017,NR
663731,SPR,10/24/2016,NR
663731,MR,10/10/2017,A2
663731,FR,04/10/2019,A
663743,MR,02/06/2018,A2
663743,SPR,02/07/2018,A-
663743,FR,9/27/2018,A+
665445,SPR,11/04/2016,NR
665445,FR,12/14/2018,A-
665445,MR,1/29/2019,Baa1
665447,SPR,11/04/2016,NR
665447,FR,12/14/2018,A-
665447,MR,1/29/2019,Baa1
665571,SPR,11/14/2016,BBB+
665571,MR,03/07/2018,A3
665571,FR,06/12/2019,A
665669,SPR,11/17/2016,BBB+
665669,FR,9/28/2017,A+
665669,MR,4/27/2018,A3
665767,FR,10/05/2018,NR
665767,SPR,10/06/2018,NR
665767,MR,10/15/2018,Baa2
667365,FR,12/08/2016,NR
667365,MR,08/01/2018,NR
667365,SPR,08/02/2018,NR
667373,SPR,12/09/2016,BBB+
667373,MR,5/16/2019,A3
667373,FR,06/12/2019,A
668060,MR,06/04/2017,NR
668060,FR,06/04/2017,NR
668060,SPR,06/05/2017,NR
675683,SPR,3/28/2017,NR
675683,FR,3/28/2017,NR
675683,MR,4/16/2018,NR
675712,SPR,08/11/2014,NR
675712,MR,9/20/2014,NR
675712,FR,06/06/2019,A+
675827,SPR,03/08/2017,A
675827,MR,4/27/2018,A2
675827,FR,06/06/2019,AA-
675831,SPR,03/08/2017,A
675831,MR,4/27/2018,A2
675831,FR,06/06/2019,AA-
678016,SPR,12/02/2015,A
678016,MR,11/22/2017,A1
678016,FR,6/24/2019,AA-
678371,SPR,6/15/2018,BBB
678371,MR,6/15/2018,Baa2
678371,FR,6/18/2018,A-
679090,MR,9/18/2017,NR
679090,FR,9/29/2017,NR
679090,SPR,10/19/2017,NR
680098,FR,9/25/2014,NR
680098,SPR,9/30/2014,A-
680098,MR,9/30/2016,NR
681887,SPR,04/05/2017,NR
681887,FR,04/05/2017,NR
681887,MR,5/17/2018,NR
682520,SPR,12/02/2015,BBB+
682520,MR,5/16/2019,A3
682520,FR,06/12/2019,A
682544,SPR,12/02/2015,BBB+
682544,MR,5/16/2019,A3
682544,FR,06/12/2019,A
682585,SPR,4/19/2017,NR
682585,FR,4/19/2017,NR
682585,MR,05/09/2018,NR
684629,MR,5/17/2019,NR
684629,FR,06/03/2019,NR
684629,SPR,7/17/2019,NR
686275,SPR,05/02/2017,BBB
686275,FR,05/08/2017,NR
686275,MR,12/19/2018,Baa3
686849,SPR,5/25/2017,NR
686849,FR,5/25/2017,NR
686849,MR,5/16/2019,A3
687198,MR,12/15/2017,NR
687198,FR,12/15/2017,NR
687198,SPR,12/16/2017,NR
688151,MR,7/16/2018,Baa2
688151,FR,12/14/2018,A
688151,SPR,5/16/2019,BBB
688153,MR,7/16/2018,Baa2
688153,FR,12/14/2018,A
688153,SPR,5/16/2019,BBB
688157,SPR,5/15/2017,BBB+
688157,MR,2/21/2019,A3
688157,FR,06/12/2019,A
688707,SPR,6/15/2018,BBB
688707,MR,6/15/2018,Baa2
688707,FR,6/18/2018,A-
689197,FR,5/19/2017,NR
689197,MR,07/06/2018,NR
689197,SPR,09/05/2018,NR
689205,FR,5/19/2017,NR
689205,MR,07/07/2018,NR
689205,SPR,7/30/2018,A-
689651,SPR,5/23/2017,BBB
689651,MR,5/30/2019,NR
689651,FR,5/30/2019,NR
689653,SPR,5/23/2017,NR
689653,FR,8/20/2018,BBB
689653,MR,8/21/2018,Baa2
690426,SPR,12/02/2015,BBB+
690426,MR,03/07/2018,A3
690426,FR,06/12/2019,A
690434,SPR,12/02/2015,BBB+
690434,MR,03/07/2018,A3
690434,FR,06/12/2019,A
691983,SPR,5/25/2017,NR
691983,FR,5/25/2017,NR
691983,MR,6/19/2018,NR
692909,SPR,7/28/2017,BBB+
692909,FR,10/12/2018,BBB+
692909,MR,04/02/2019,A3
692936,SPR,2/13/2015,NR
692936,MR,2/27/2015,NR
692936,FR,9/27/2018,A+
693155,SPR,06/08/2017,NR
693155,FR,06/08/2017,NR
693155,MR,7/19/2018,NR
696624,SPR,3/23/2015,A
696624,FR,10/01/2018,A
696624,MR,11/28/2018,A2
697929,SPR,7/26/2017,NR
697929,FR,7/26/2017,NR
697929,MR,5/16/2019,A3
697999,SPR,6/29/2017,NR
697999,FR,6/29/2017,NR
697999,MR,5/16/2019,A3
698023,SPR,7/26/2017,NR
698023,FR,7/26/2017,NR
698023,MR,5/16/2019,A3
700305,FR,7/20/2017,NR
700305,MR,1/25/2019,NR
700305,SPR,1/26/2019,NR
700911,SPR,08/11/2017,NR
700911,FR,08/11/2017,NR
700911,MR,5/16/2019,A3
701138,SPR,12/02/2015,BBB+
701138,MR,5/16/2019,A3
701138,FR,06/12/2019,A
701223,MR,5/29/2018,NR
701223,SPR,08/10/2018,NR
701223,FR,07/09/2019,NR
701363,SPR,7/26/2017,NR
701363,FR,7/26/2017,NR
701363,MR,5/16/2019,A3
703014,SPR,12/02/2015,BBB-
703014,MR,5/16/2019,Baa2
703014,FR,06/12/2019,A-
703018,MR,5/22/2017,NR
703018,FR,5/22/2017,NR
703018,SPR,5/23/2017,NR
703875,SPR,8/28/2017,NR
703875,FR,8/28/2017,NR
703875,MR,5/16/2019,A3
703883,SPR,8/28/2017,NR
703883,FR,8/28/2017,NR
703883,MR,5/16/2019,A3
703907,SPR,8/28/2017,NR
703907,FR,8/28/2017,NR
703907,MR,5/16/2019,A3
703915,SPR,8/28/2017,NR
703915,FR,8/28/2017,NR
703915,MR,5/16/2019,A3
704461,MR,2/26/2019,Baa3
704461,SPR,6/20/2019,BBB-
704461,FR,08/12/2019,BBB-
705095,SPR,08/11/2017,NR
705095,FR,08/11/2017,NR
705095,MR,6/21/2018,A3
705966,SPR,6/17/2015,NR
705966,MR,02/06/2018,A2
705966,FR,9/27/2018,A+
706019,SPR,8/23/2017,NR
706019,FR,8/23/2017,NR
706019,MR,03/07/2018,A3
706657,FR,8/27/2017,NR
706657,SPR,8/29/2017,BBB+
706657,MR,03/07/2018,A3
708877,SPR,10/29/2018,A
708877,FR,07/02/2019,A
708877,MR,07/10/2019,A2
709272,SPR,11/22/2017,A-
709272,MR,03/06/2019,A2
709272,FR,06/12/2019,A+
709481,SPR,9/26/2017,NR
709481,FR,9/26/2017,NR
709481,MR,5/16/2019,A3
709487,SPR,9/26/2017,NR
709487,FR,9/26/2017,NR
709487,MR,5/16/2019,A3
709503,SPR,9/25/2017,NR
709503,FR,9/25/2017,NR
709503,MR,5/16/2019,A3
709505,SPR,9/26/2017,NR
709505,FR,9/26/2017,NR
709505,MR,5/16/2019,A3
709556,FR,8/14/2015,NR
709556,SPR,12/02/2015,A-
709556,MR,10/25/2018,A2
710881,FR,9/14/2017,NR
710881,MR,9/20/2018,NR
710881,SPR,9/21/2018,NR
710885,FR,9/14/2017,NR
710885,MR,3/20/2019,NR
710885,SPR,3/21/2019,NR
710887,SPR,9/14/2017,NR
710887,MR,9/14/2017,A3
710887,FR,9/14/2017,NR
710895,FR,9/15/2017,NR
710895,SPR,9/18/2017,A-
710895,MR,10/08/2018,A1
710897,FR,9/15/2017,NR
710897,SPR,9/18/2017,A-
710897,MR,10/08/2018,A1
710899,FR,9/15/2017,NR
710899,SPR,9/18/2017,A-
710899,MR,10/08/2018,A1
710901,FR,9/15/2017,NR
710901,SPR,9/18/2017,A-
710901,MR,10/08/2018,A1
711235,FR,9/19/2017,NR
711235,MR,3/22/2019,NR
711235,SPR,3/23/2019,NR
711540,SPR,8/25/2015,A
711540,FR,8/31/2015,NR
711540,MR,11/28/2018,A2
712567,SPR,11/13/2018,BBB-
712567,FR,06/03/2019,BBB-
712567,MR,07/11/2019,Baa3
712705,SPR,9/26/2017,NR
712705,FR,9/26/2017,NR
712705,MR,5/16/2019,A3
712861,SPR,10/26/2017,NR
712861,FR,10/26/2017,NR
712861,MR,5/16/2019,A3
712895,SPR,10/26/2017,NR
712895,FR,10/26/2017,NR
712895,MR,5/16/2019,A3
715467,MR,10/15/2018,NR
715467,FR,10/15/2018,NR
715467,SPR,01/01/2019,NR
717337,SPR,10/26/2017,NR
717337,FR,10/26/2017,NR
717337,MR,5/16/2019,A3
718301,SPR,10/30/2017,A
718301,FR,01/03/2019,A+
718301,MR,01/08/2019,Aa3
718303,SPR,10/30/2017,A
718303,FR,01/03/2019,A+
718303,MR,01/08/2019,Aa3
719868,SPR,12/28/2015,NR
719868,FR,12/28/2015,NR
719868,MR,01/12/2017,NR
720891,SPR,11/27/2017,NR
720891,FR,11/27/2017,NR
720891,MR,5/16/2019,A3
721095,FR,11/27/2017,NR
721095,SPR,11/27/2017,NR
721095,MR,12/11/2018,NR
721097,SPR,11/27/2017,NR
721097,FR,11/27/2017,NR
721097,MR,5/16/2019,A3
721337,SPR,11/27/2017,NR
721337,FR,11/27/2017,NR
721337,MR,5/16/2019,A3
721447,SPR,11/27/2017,NR
721447,FR,11/27/2017,NR
721447,MR,10/24/2018,A3
721484,SPR,12/11/2015,NR
721484,MR,5/16/2019,A2
721484,FR,06/06/2019,A+
722011,SPR,11/27/2017,NR
722011,FR,11/27/2017,NR
722011,MR,5/16/2019,A3
722557,SPR,11/27/2017,NR
722557,FR,11/27/2017,NR
722557,MR,5/16/2019,A3
722595,SPR,11/27/2017,NR
722595,FR,11/27/2017,NR
722595,MR,5/16/2019,A3
723226,FR,3/13/2017,A-
723226,SPR,3/28/2017,BBB-
723226,MR,07/07/2019,Baa3
723985,SPR,12/20/2017,NR
723985,FR,12/20/2017,NR
723985,MR,5/16/2019,A3
724141,SPR,12/20/2017,NR
724141,FR,12/20/2017,NR
724141,MR,5/16/2019,A3
724343,SPR,12/08/2017,NR
724343,FR,12/08/2017,NR
724343,MR,5/16/2019,A3
726528,SPR,2/25/2016,BBB+
726528,FR,2/29/2016,NR
726528,MR,5/16/2019,A3
726922,MR,01/02/2018,NR
726922,FR,01/04/2018,NR
726922,SPR,1/30/2018,NR
727066,SPR,3/28/2016,NR
727066,FR,3/28/2016,NR
727066,MR,4/16/2018,NR
727341,SPR,12/21/2017,NR
727341,FR,12/21/2017,NR
727341,MR,5/16/2019,A3
727369,SPR,12/21/2017,NR
727369,FR,12/21/2017,NR
727369,MR,5/16/2019,A3
727407,SPR,12/21/2017,NR
727407,FR,12/21/2017,NR
727407,MR,5/16/2019,A3
727795,FR,12/07/2017,NR
727795,SPR,12/08/2017,A-
727795,MR,08/01/2018,A3
728056,SPR,03/08/2016,BBB+
728056,FR,3/14/2016,NR
728056,MR,5/16/2019,A3
728138,SPR,03/04/2016,NR
728138,FR,03/04/2016,NR
728138,MR,5/16/2019,A2
729675,SPR,1/26/2018,NR
729675,FR,1/26/2018,NR
729675,MR,5/16/2019,A3
729677,SPR,1/26/2018,NR
729677,FR,1/26/2018,NR
729677,MR,5/16/2019,A3
729681,SPR,01/12/2018,NR
729681,FR,01/12/2018,NR
729681,MR,5/16/2019,A3
729747,SPR,12/20/2017,NR
729747,FR,12/20/2017,NR
729747,MR,5/16/2019,A3
730025,SPR,12/21/2017,NR
730025,FR,12/21/2017,NR
730025,MR,07/09/2018,A3
730231,SPR,1/25/2018,NR
730231,FR,1/25/2018,NR
730231,MR,5/16/2019,A3
730481,SPR,1/26/2018,NR
730481,FR,1/26/2018,NR
730481,MR,5/16/2019,A3
732241,SPR,01/04/2018,A
732241,FR,01/03/2019,A+
732241,MR,01/08/2019,Aa3
732443,SPR,1/26/2018,NR
732443,FR,1/26/2018,NR
732443,MR,07/09/2018,A3
733117,SPR,1/24/2018,NR
733117,FR,1/24/2018,NR
733117,MR,5/16/2019,A3
735085,SPR,1/17/2018,NR
735085,FR,1/17/2018,NR
735085,MR,07/07/2019,Baa3
735089,SPR,1/19/2018,BBB+
735089,MR,5/16/2019,A3
735089,FR,06/12/2019,A
735709,SPR,2/13/2018,NR
735709,FR,2/13/2018,NR
735709,MR,5/16/2019,A3
735755,SPR,2/13/2018,NR
735755,FR,2/13/2018,NR
735755,MR,5/16/2019,A3
736349,SPR,1/26/2018,NR
736349,FR,1/26/2018,NR
736349,MR,5/16/2019,A3
736395,SPR,1/26/2018,NR
736395,FR,1/26/2018,NR
736395,MR,5/16/2019,A3
736399,SPR,1/26/2018,NR
736399,FR,1/26/2018,NR
736399,MR,5/16/2019,A3
737058,SPR,6/27/2016,NR
737058,FR,6/27/2016,NR
737058,MR,5/16/2019,A3
737950,FR,3/13/2015,NR
737950,SPR,11/16/2017,AAA
737950,MR,3/22/2019,Aaa
738431,SPR,2/23/2018,NR
738431,FR,2/23/2018,NR
738431,MR,5/16/2019,A3
738441,SPR,2/23/2018,NR
738441,FR,2/23/2018,NR
738441,MR,5/16/2019,A3
738537,SPR,2/23/2018,NR
738537,FR,2/23/2018,NR
738537,MR,03/11/2019,NR
738627,SPR,2/23/2018,NR
738627,FR,2/23/2018,NR
738627,MR,5/16/2019,A3
739353,SPR,2/23/2018,NR
739353,FR,2/23/2018,NR
739353,MR,7/30/2018,A3
739423,SPR,2/22/2018,NR
739423,FR,2/22/2018,NR
739423,MR,5/16/2019,A3
739787,SPR,2/23/2018,NR
739787,FR,2/23/2018,NR
739787,MR,5/16/2019,A3
739903,SPR,02/08/2018,NR
739903,MR,06/07/2018,NR
739903,FR,9/27/2018,A+
741091,SPR,2/16/2018,NR
741091,FR,2/16/2018,NR
741091,MR,5/16/2019,A3
741371,SPR,2/23/2018,NR
741371,FR,2/23/2018,NR
741371,MR,5/16/2019,A3
741690,SPR,7/26/2016,NR
741690,FR,7/26/2016,NR
741690,MR,5/16/2019,A3
741947,SPR,3/13/2018,NR
741947,FR,3/13/2018,NR
741947,MR,5/16/2019,A3
741997,SPR,3/13/2018,NR
741997,FR,3/13/2018,NR
741997,MR,5/16/2019,A3
743995,SPR,3/26/2018,NR
743995,FR,3/26/2018,NR
743995,MR,9/17/2018,A3
744397,SPR,3/28/2018,NR
744397,FR,3/28/2018,NR
744397,MR,5/16/2019,A3
744719,SPR,3/26/2018,NR
744719,FR,3/26/2018,NR
744719,MR,5/16/2019,A3
744961,SPR,3/26/2018,NR
744961,FR,3/26/2018,NR
744961,MR,5/16/2019,A3
744973,SPR,3/26/2018,NR
744973,FR,3/26/2018,NR
744973,MR,5/16/2019,A3
744983,SPR,3/26/2018,NR
744983,FR,3/26/2018,NR
744983,MR,5/16/2019,A3
745091,SPR,3/26/2018,NR
745091,FR,3/26/2018,NR
745091,MR,5/16/2019,A3
745092,SPR,8/26/2016,NR
745092,FR,8/26/2016,NR
745092,MR,5/16/2019,A3
745389,SPR,3/26/2018,NR
745389,FR,3/26/2018,NR
745389,MR,5/16/2019,A3
745425,SPR,3/26/2018,NR
745425,FR,3/26/2018,NR
745425,MR,5/16/2019,A3
745835,SPR,3/26/2018,NR
745835,FR,3/26/2018,NR
745835,MR,5/16/2019,A3
746233,MR,03/12/2018,Baa2
746233,SPR,8/30/2018,BBB-
746233,FR,08/02/2019,BBB
746235,MR,03/12/2018,Baa2
746235,SPR,8/30/2018,BBB-
746235,FR,08/02/2019,BBB
746675,SPR,3/15/2018,NR
746675,FR,3/15/2018,NR
746675,MR,10/25/2018,A2
747651,SPR,04/12/2018,NR
747651,FR,04/12/2018,NR
747651,MR,5/16/2019,A3
747725,SPR,3/27/2018,NR
747725,FR,3/27/2018,NR
747725,MR,10/25/2018,A2
747879,SPR,04/12/2018,NR
747879,FR,04/12/2018,NR
747879,MR,5/16/2019,A3
747891,SPR,4/25/2018,NR
747891,FR,4/25/2018,NR
747891,MR,5/16/2019,A3
747913,SPR,4/25/2018,NR
747913,FR,4/25/2018,NR
747913,MR,5/16/2019,A3
748003,SPR,4/25/2018,NR
748003,FR,4/25/2018,NR
748003,MR,5/16/2019,A3
748031,SPR,4/25/2018,NR
748031,FR,4/25/2018,NR
748031,MR,5/16/2019,A3
748033,SPR,4/25/2018,NR
748033,FR,4/25/2018,NR
748033,MR,5/16/2019,A3
748039,SPR,4/25/2018,NR
748039,FR,4/25/2018,NR
748039,MR,5/16/2019,A3
748277,SPR,3/26/2018,NR
748277,FR,3/26/2018,NR
748277,MR,5/16/2019,A3
749048,SPR,9/27/2016,NR
749048,FR,9/27/2016,NR
749048,MR,5/16/2019,A3
750393,SPR,04/03/2018,NR
750393,MR,04/03/2018,Baa2
750393,FR,3/29/2019,BBB
750395,MR,04/03/2018,Baa2
750395,SPR,04/04/2018,BBB
750395,FR,3/29/2019,BBB
750569,SPR,4/25/2018,NR
750569,FR,4/25/2018,NR
750569,MR,5/16/2019,A3
750883,SPR,4/25/2018,NR
750883,FR,4/25/2018,NR
750883,MR,9/25/2018,A3
750889,SPR,4/30/2018,NR
750889,FR,4/30/2018,NR
750889,MR,05/03/2019,NR
751071,SPR,4/25/2018,NR
751071,FR,4/25/2018,NR
751071,MR,10/25/2018,A2
751289,SPR,4/25/2018,NR
751289,FR,4/25/2018,NR
751289,MR,5/16/2019,A3
751420,MR,8/21/2018,NR
751420,FR,8/24/2018,NR
751420,SPR,9/22/2018,NR
751695,SPR,05/02/2018,NR
751695,FR,05/02/2018,NR
751695,MR,5/16/2019,A3
751707,SPR,4/25/2018,NR
751707,FR,4/25/2018,NR
751707,MR,10/25/2018,A2
752016,SPR,10/26/2016,NR
752016,FR,10/26/2016,NR
752016,MR,5/16/2019,A3
752567,SPR,4/20/2018,NR
752567,FR,4/20/2018,NR
752567,MR,07/07/2019,Baa3
752761,SPR,4/23/2018,NR
752761,FR,4/23/2018,NR
752761,MR,5/16/2019,A3
752819,SPR,4/23/2018,NR
752819,FR,4/23/2018,NR
752819,MR,5/16/2019,A3
753849,SPR,4/25/2018,AA-
753849,MR,4/25/2018,A1
753849,FR,9/27/2018,AA-
753957,SPR,5/14/2018,NR
753957,FR,5/14/2018,NR
753957,MR,5/16/2019,A3
753999,SPR,5/14/2018,NR
753999,FR,5/14/2018,NR
753999,MR,5/16/2019,A3
754049,SPR,5/14/2018,NR
754049,FR,5/14/2018,NR
754049,MR,5/16/2019,A3
755000,MR,7/22/2018,NR
755000,SPR,8/21/2018,NR
755000,FR,8/24/2018,NR
755002,MR,7/22/2018,NR
755002,SPR,8/21/2018,NR
755002,FR,8/24/2018,NR
756293,FR,5/24/2018,NR
756293,SPR,5/24/2018,NR
756293,MR,9/25/2018,A3
756905,SPR,4/13/2018,NR
756905,MR,4/13/2018,NR
756905,FR,11/28/2018,NR
757193,SPR,5/14/2018,A
757193,FR,11/30/2018,A
757193,MR,01/10/2019,A3
757711,SPR,5/29/2018,NR
757711,MR,03/07/2019,NR
757711,FR,3/15/2019,NR
758075,SPR,5/14/2018,NR
758075,FR,5/14/2018,NR
758075,MR,5/16/2019,A3
758091,SPR,5/14/2018,NR
758091,FR,5/14/2018,NR
758091,MR,5/16/2019,A3
758259,SPR,5/24/2018,NR
758259,FR,5/24/2018,NR
758259,MR,9/17/2018,A3
758281,SPR,5/18/2018,NR
758281,FR,5/18/2018,NR
758281,MR,5/16/2019,A3
758831,SPR,5/29/2018,NR
758831,FR,5/29/2018,NR
758831,MR,5/16/2019,A3
759123,SPR,5/24/2018,NR
759123,FR,5/24/2018,NR
759123,MR,5/16/2019,A3
759125,SPR,5/24/2018,NR
759125,FR,5/24/2018,NR
759125,MR,5/16/2019,A3
759133,SPR,5/24/2018,NR
759133,FR,5/24/2018,NR
759133,MR,5/16/2019,A3
759141,SPR,5/24/2018,NR
759141,FR,5/24/2018,NR
759141,MR,5/16/2019,A3
759143,SPR,5/24/2018,NR
759143,FR,5/24/2018,NR
759143,MR,5/16/2019,A3
759149,SPR,5/24/2018,NR
759149,FR,5/24/2018,NR
759149,MR,5/16/2019,A3
759151,SPR,5/24/2018,NR
759151,FR,5/24/2018,NR
759151,MR,5/16/2019,A3
759223,SPR,5/24/2018,NR
759223,FR,5/24/2018,NR
759223,MR,5/16/2019,A3
759225,SPR,5/24/2018,NR
759225,FR,5/24/2018,NR
759225,MR,5/16/2019,A3
759427,SPR,06/12/2018,NR
759427,FR,06/12/2018,NR
759427,MR,5/16/2019,A3
759531,SPR,06/12/2018,NR
759531,FR,06/12/2018,NR
759531,MR,5/16/2019,A3
759663,SPR,06/12/2018,NR
759663,FR,06/12/2018,NR
759663,MR,5/16/2019,A3
759685,SPR,5/29/2018,NR
759685,FR,5/29/2018,NR
759685,MR,10/25/2018,A2
759769,FR,6/13/2018,BBB+
759769,MR,2/26/2019,Baa2
759769,SPR,08/01/2019,BBB
759775,SPR,5/25/2018,A
759775,FR,01/03/2019,A+
759775,MR,01/08/2019,Aa3
759777,SPR,5/25/2018,A
759777,FR,01/03/2019,A+
759777,MR,01/08/2019,Aa3
759893,SPR,06/12/2018,NR
759893,FR,06/12/2018,NR
759893,MR,5/16/2019,A3
760029,SPR,6/26/2018,NR
760029,FR,6/26/2018,NR
760029,MR,5/16/2019,A3
760033,SPR,6/26/2018,NR
760033,FR,6/26/2018,NR
760033,MR,5/16/2019,A3
760035,SPR,6/26/2018,NR
760035,FR,6/26/2018,NR
760035,MR,5/16/2019,A3
760041,SPR,6/22/2018,NR
760041,FR,6/22/2018,NR
760041,MR,5/16/2019,A3
760059,SPR,6/22/2018,NR
760059,FR,6/22/2018,NR
760059,MR,5/16/2019,A3
760069,SPR,6/26/2018,NR
760069,FR,6/26/2018,NR
760069,MR,5/16/2019,A3
760427,MR,5/24/2018,NR
760427,SPR,5/29/2018,NR
760427,FR,06/12/2019,A
760515,SPR,5/31/2018,NR
760515,FR,5/31/2018,NR
760515,MR,5/16/2019,A3
760545,SPR,5/31/2018,NR
760545,FR,5/31/2018,NR
760545,MR,07/07/2019,Baa3
762927,SPR,07/02/2018,NR
762927,FR,07/02/2018,NR
762927,MR,5/16/2019,A3
763325,SPR,6/26/2018,NR
763325,FR,6/26/2018,NR
763325,MR,5/16/2019,A3
763337,SPR,6/26/2018,NR
763337,FR,6/26/2018,NR
763337,MR,5/16/2019,A3
763343,SPR,6/26/2018,NR
763343,FR,6/26/2018,NR
763343,MR,7/18/2019,NR
763361,SPR,6/26/2018,NR
763361,FR,6/26/2018,NR
763361,MR,5/16/2019,A3
763495,SPR,6/26/2018,NR
763495,FR,6/26/2018,NR
763495,MR,5/16/2019,A3
763511,SPR,6/26/2018,NR
763511,FR,6/26/2018,NR
763511,MR,5/16/2019,A3
763909,SPR,6/26/2018,NR
763909,FR,6/26/2018,NR
763909,MR,07/12/2019,NR
763975,SPR,6/26/2018,NR
763975,FR,6/26/2018,NR
763975,MR,7/18/2019,NR
764405,SPR,6/14/2018,BBB+
764405,MR,9/20/2018,A3
764405,FR,10/05/2018,A-
764591,MR,6/20/2019,NR
764591,FR,6/20/2019,NR
764591,SPR,6/21/2019,NR
765269,SPR,6/21/2018,BBB+
765269,FR,6/25/2018,NR
765269,MR,5/16/2019,A3
765589,SPR,07/12/2018,NR
765589,FR,07/12/2018,NR
765589,MR,5/16/2019,A3
765599,SPR,07/12/2018,NR
765599,FR,07/12/2018,NR
765599,MR,5/16/2019,A3
768219,SPR,7/26/2018,NR
768219,FR,7/26/2018,NR
768219,MR,5/16/2019,A3
768471,SPR,7/26/2018,NR
768471,FR,7/26/2018,NR
768471,MR,5/16/2019,A3
768489,SPR,7/26/2018,NR
768489,FR,7/26/2018,NR
768489,MR,5/16/2019,A3
768503,SPR,7/20/2018,NR
768503,FR,7/20/2018,NR
768503,MR,5/16/2019,A3
768535,SPR,7/20/2018,NR
768535,FR,7/20/2018,NR
768535,MR,5/16/2019,A3
768595,SPR,08/01/2018,NR
768595,FR,08/01/2018,NR
768595,MR,5/16/2019,A3
768601,SPR,7/26/2018,NR
768601,FR,7/26/2018,NR
768601,MR,5/16/2019,A3
768603,SPR,7/26/2018,NR
768603,FR,7/26/2018,NR
768603,MR,08/08/2019,NR
768853,SPR,7/26/2018,NR
768853,FR,7/26/2018,NR
768853,MR,5/16/2019,A3
768865,SPR,7/26/2018,NR
768865,FR,7/26/2018,NR
768865,MR,8/13/2019,NR
769151,SPR,7/26/2018,NR
769151,FR,7/26/2018,NR
769151,MR,5/16/2019,A3
769241,SPR,7/26/2018,NR
769241,FR,7/26/2018,NR
769241,MR,5/16/2019,A3
769527,SPR,7/26/2018,NR
769527,FR,7/26/2018,NR
769527,MR,5/16/2019,A3
769699,SPR,7/26/2018,NR
769699,FR,7/26/2018,NR
769699,MR,5/16/2019,A3
771317,SPR,8/13/2018,NR
771317,FR,8/13/2018,NR
771317,MR,5/16/2019,A3
771321,SPR,8/13/2018,NR
771321,FR,8/13/2018,NR
771321,MR,5/16/2019,A3
771743,SPR,8/24/2018,NR
771743,FR,8/24/2018,NR
771743,MR,5/16/2019,A3
771769,SPR,8/24/2018,NR
771769,FR,8/24/2018,NR
771769,MR,5/16/2019,A3
773859,SPR,8/28/2018,NR
773859,FR,8/28/2018,NR
773859,MR,5/16/2019,A3
773861,SPR,8/28/2018,NR
773861,FR,8/28/2018,NR
773861,MR,5/16/2019,A3
773903,SPR,8/28/2018,NR
773903,FR,8/28/2018,NR
773903,MR,5/16/2019,A3
773909,SPR,8/28/2018,NR
773909,FR,8/28/2018,NR
773909,MR,5/16/2019,A3
773913,SPR,8/28/2018,NR
773913,FR,8/28/2018,NR
773913,MR,5/16/2019,A3
773921,SPR,8/28/2018,NR
773921,FR,8/28/2018,NR
773921,MR,10/31/2018,A2
773931,SPR,8/28/2018,NR
773931,FR,8/28/2018,NR
773931,MR,5/16/2019,A3
773941,SPR,8/28/2018,NR
773941,FR,8/28/2018,NR
773941,MR,5/16/2019,A3
773943,SPR,8/28/2018,NR
773943,FR,8/28/2018,NR
773943,MR,5/16/2019,A3
773985,SPR,8/28/2018,NR
773985,FR,8/28/2018,NR
773985,MR,10/31/2018,A2
774253,SPR,8/31/2018,NR
774253,FR,8/31/2018,NR
774253,MR,10/25/2018,A2
774319,SPR,8/28/2018,NR
774319,FR,8/28/2018,NR
774319,MR,10/31/2018,A3
774837,SPR,8/28/2018,NR
774837,FR,8/28/2018,NR
774837,MR,5/16/2019,A3
775051,SPR,8/28/2018,NR
775051,FR,8/28/2018,NR
775051,MR,5/16/2019,A3
775055,SPR,8/28/2018,NR
775055,FR,8/28/2018,NR
775055,MR,5/16/2019,A3
775057,SPR,8/28/2018,NR
775057,FR,8/28/2018,NR
775057,MR,5/16/2019,A3
775141,SPR,8/28/2018,NR
775141,FR,8/28/2018,NR
775141,MR,10/31/2018,A3
775355,SPR,08/09/2018,NR
775355,FR,12/14/2018,A+
775355,MR,1/29/2019,A3
777033,SPR,9/14/2018,NR
777033,FR,9/14/2018,NR
777033,MR,5/16/2019,A3
777037,SPR,9/25/2018,NR
777037,FR,9/25/2018,NR
777037,MR,5/16/2019,A3
777059,SPR,9/25/2018,NR
777059,FR,9/25/2018,NR
777059,MR,5/16/2019,A3
777141,SPR,9/14/2018,NR
777141,FR,9/14/2018,NR
777141,MR,5/16/2019,A3
777143,SPR,9/25/2018,NR
777143,FR,9/25/2018,NR
777143,MR,5/16/2019,A3
777163,SPR,9/25/2018,NR
777163,FR,9/25/2018,NR
777163,MR,5/16/2019,A3
777439,SPR,9/25/2018,NR
777439,FR,9/25/2018,NR
777439,MR,5/16/2019,A3
779465,SPR,9/25/2018,NR
779465,FR,9/25/2018,NR
779465,MR,10/31/2018,A3
780313,SPR,9/28/2018,NR
780313,FR,9/28/2018,NR
780313,MR,11/13/2018,A2
780343,SPR,9/25/2018,NR
780343,FR,9/25/2018,NR
780343,MR,12/06/2018,A3
780569,SPR,09/11/2018,BBB
780569,FR,09/11/2018,BBB+
780569,MR,10/30/2018,Baa2
780721,SPR,9/21/2018,NR
780721,FR,9/21/2018,NR
780721,MR,5/16/2019,A3
781501,SPR,9/25/2018,NR
781501,FR,9/25/2018,NR
781501,MR,5/16/2019,A3
781503,SPR,9/25/2018,NR
781503,FR,9/25/2018,NR
781503,MR,5/16/2019,A3
781505,SPR,9/25/2018,NR
781505,FR,9/25/2018,NR
781505,MR,5/16/2019,A3
781511,SPR,9/25/2018,NR
781511,FR,9/25/2018,NR
781511,MR,5/16/2019,A3
782305,SPR,10/11/2018,NR
782305,FR,10/11/2018,NR
782305,MR,5/16/2019,A3
782313,SPR,10/11/2018,NR
782313,FR,10/11/2018,NR
782313,MR,5/16/2019,A3
784499,SPR,10/26/2018,NR
784499,FR,10/26/2018,NR
784499,MR,5/16/2019,A3
785037,SPR,10/08/2018,NR
785037,FR,10/08/2018,NR
785037,MR,11/13/2018,A2
785195,SPR,10/26/2018,NR
785195,FR,10/26/2018,NR
785195,MR,5/16/2019,A3
785615,SPR,10/31/2018,NR
785615,FR,10/31/2018,NR
785615,MR,12/05/2018,A2
785627,SPR,10/26/2018,NR
785627,FR,10/26/2018,NR
785627,MR,12/06/2018,A3
786817,SPR,10/19/2018,NR
786817,FR,10/19/2018,NR
786817,MR,5/16/2019,A3
787171,SPR,10/26/2018,NR
787171,FR,10/26/2018,NR
787171,MR,5/16/2019,A3
787407,SPR,10/30/2018,NR
787407,FR,10/30/2018,NR
787407,MR,5/16/2019,A3
787481,SPR,10/17/2018,NR
787481,FR,10/17/2018,NR
787481,MR,5/16/2019,A3
788757,SPR,10/26/2018,NR
788757,FR,10/26/2018,NR
788757,MR,5/16/2019,A3
788879,SPR,11/13/2018,NR
788879,FR,11/13/2018,NR
788879,MR,5/16/2019,A3
788895,SPR,11/13/2018,NR
788895,FR,11/13/2018,NR
788895,MR,5/16/2019,A3
789025,SPR,10/30/2018,NR
789025,FR,10/30/2018,NR
789025,MR,5/16/2019,A3
789111,SPR,11/27/2018,NR
789111,FR,11/27/2018,NR
789111,MR,5/16/2019,A3
789127,SPR,11/27/2018,NR
789127,FR,11/27/2018,NR
789127,MR,5/16/2019,A3
791355,SPR,11/27/2018,NR
791355,FR,11/27/2018,NR
791355,MR,01/10/2019,A3
791991,SPR,11/08/2018,A
791991,FR,01/03/2019,A+
791991,MR,01/08/2019,Aa3
791995,SPR,11/08/2018,A
791995,FR,01/03/2019,A+
791995,MR,01/08/2019,Aa3
792527,SPR,11/27/2018,NR
792527,FR,11/27/2018,NR
792527,MR,5/16/2019,A3
792919,SPR,11/13/2018,A-
792919,FR,11/14/2018,NR
792919,MR,4/24/2019,Baa1
792921,SPR,11/13/2018,A-
792921,FR,11/14/2018,NR
792921,MR,4/24/2019,Baa1
793479,SPR,12/05/2018,NR
793479,FR,12/05/2018,NR
793479,MR,5/16/2019,A3
793509,SPR,12/05/2018,NR
793509,FR,12/05/2018,NR
793509,MR,5/16/2019,A3
793813,SPR,12/10/2018,NR
793813,FR,12/10/2018,NR
793813,MR,5/16/2019,A3
794075,SPR,12/21/2018,NR
794075,FR,12/21/2018,NR
794075,MR,5/16/2019,A3
794139,SPR,12/10/2018,NR
794139,FR,12/10/2018,NR
794139,MR,5/16/2019,A3
794349,SPR,12/21/2018,NR
794349,FR,12/21/2018,NR
794349,MR,5/16/2019,A3
794387,SPR,12/21/2018,NR
794387,FR,12/21/2018,NR
794387,MR,5/16/2019,A3
794407,SPR,12/21/2018,NR
794407,FR,12/21/2018,NR
794407,MR,5/16/2019,A3
794453,SPR,11/29/2018,BBB+
794453,MR,11/29/2018,Baa1
794453,FR,6/24/2019,BBB+
794561,SPR,11/27/2018,NR
794561,FR,11/27/2018,NR
794561,MR,5/16/2019,A3
794573,SPR,11/27/2018,NR
794573,FR,11/27/2018,NR
794573,MR,5/16/2019,A3
794589,SPR,11/27/2018,NR
794589,FR,11/27/2018,NR
794589,MR,5/16/2019,A3
794591,SPR,11/27/2018,NR
794591,FR,11/27/2018,NR
794591,MR,5/16/2019,A3
794661,SPR,11/27/2018,NR
794661,FR,11/27/2018,NR
794661,MR,5/16/2019,A3
794687,SPR,11/27/2018,NR
794687,FR,11/27/2018,NR
794687,MR,1/29/2019,A2
794697,SPR,11/27/2018,NR
794697,FR,11/27/2018,NR
794697,MR,1/29/2019,A2
794703,SPR,11/27/2018,NR
794703,FR,11/27/2018,NR
794703,MR,3/18/2019,A3
796785,SPR,11/30/2018,NR
796785,FR,11/30/2018,NR
796785,MR,02/07/2019,A2
797155,SPR,12/04/2018,NR
797155,FR,12/04/2018,NR
797155,MR,5/16/2019,A3
797327,SPR,12/27/2018,NR
797327,FR,12/27/2018,NR
797327,MR,02/08/2019,A2
797541,FR,12/10/2018,NR
797541,SPR,12/19/2018,A-
797541,MR,12/31/2018,A1
798645,SPR,12/19/2018,NR
798645,FR,12/19/2018,NR
798645,MR,5/16/2019,A2
798915,SPR,12/21/2018,NR
798915,FR,12/21/2018,NR
798915,MR,5/16/2019,A3
798999,SPR,12/21/2018,NR
798999,FR,12/21/2018,NR
798999,MR,5/16/2019,A3
799019,SPR,12/21/2018,NR
799019,FR,12/21/2018,NR
799019,MR,5/16/2019,A3
799023,SPR,12/21/2018,NR
799023,FR,12/21/2018,NR
799023,MR,5/16/2019,A3
801193,SPR,12/21/2018,NR
801193,FR,12/21/2018,NR
801193,MR,5/16/2019,A3
801745,SPR,1/28/2019,NR
801745,FR,1/28/2019,NR
801745,MR,03/05/2019,A2
801767,SPR,1/28/2019,NR
801767,FR,1/28/2019,NR
801767,MR,03/05/2019,A2
802783,SPR,01/11/2019,NR
802783,FR,01/11/2019,NR
802783,MR,5/16/2019,A3
804593,SPR,1/28/2019,NR
804593,FR,1/28/2019,NR
804593,MR,5/16/2019,A3
804605,SPR,1/28/2019,NR
804605,FR,1/28/2019,NR
804605,MR,5/16/2019,A3
804613,SPR,1/28/2019,NR
804613,FR,1/28/2019,NR
804613,MR,5/16/2019,A3
805137,SPR,1/28/2019,NR
805137,FR,1/28/2019,NR
805137,MR,5/16/2019,A3
808549,SPR,2/22/2019,BBB+
808549,MR,2/25/2019,Baa1
808549,FR,2/26/2019,A-
809109,SPR,2/25/2019,NR
809109,FR,2/25/2019,NR
809109,MR,5/16/2019,A2
809413,SPR,2/25/2019,NR
809413,FR,2/25/2019,NR
809413,MR,5/16/2019,A3
811123,SPR,2/28/2019,NR
811123,FR,2/28/2019,NR
811123,MR,04/04/2019,A2
811215,SPR,3/26/2019,NR
811215,FR,3/26/2019,NR
811215,MR,04/04/2019,A3
811217,SPR,3/13/2019,NR
811217,FR,3/13/2019,NR
811217,MR,04/04/2019,A2
811313,SPR,3/26/2019,NR
811313,FR,3/26/2019,NR
811313,MR,06/10/2019,A3
811375,SPR,03/07/2019,BBB+
811375,MR,03/07/2019,A3
811375,FR,03/07/2019,A+
811515,SPR,3/26/2019,NR
811515,FR,3/26/2019,NR
811515,MR,5/16/2019,A3
811641,SPR,3/26/2019,NR
811641,FR,3/26/2019,NR
811641,MR,06/10/2019,A3
811653,SPR,03/05/2019,NR
811653,FR,03/05/2019,NR
811653,MR,5/16/2019,A3
812165,SPR,03/06/2019,BBB
812165,MR,03/06/2019,Baa2
812165,FR,3/15/2019,BBB
812357,SPR,3/26/2019,NR
812357,FR,3/26/2019,NR
812357,MR,5/16/2019,A3
812413,SPR,3/29/2019,NR
812413,FR,3/29/2019,NR
812413,MR,6/28/2019,A3
814123,SPR,3/21/2019,NR
814123,FR,3/21/2019,NR
814123,MR,5/16/2019,A3
814711,SPR,4/25/2019,NR
814711,FR,4/25/2019,NR
814711,MR,5/16/2019,A3
815547,SPR,3/27/2019,NR
815547,FR,3/27/2019,NR
815547,MR,5/16/2019,A3
817607,SPR,4/25/2019,NR
817607,FR,4/25/2019,NR
817607,MR,5/16/2019,A3
817877,SPR,4/25/2019,NR
817877,FR,4/25/2019,NR
817877,MR,5/16/2019,A3
818337,SPR,4/15/2019,NR
818337,FR,4/15/2019,NR
818337,MR,4/25/2019,Aa3
818881,SPR,04/04/2019,NR
818881,FR,04/04/2019,NR
818881,MR,5/16/2019,A3
820045,SPR,4/22/2019,NR
820045,FR,4/22/2019,NR
820045,MR,5/16/2019,A3
821009,SPR,4/26/2019,NR
821009,FR,4/26/2019,NR
821009,MR,5/16/2019,A3
821671,SPR,5/28/2019,NR
821671,FR,5/28/2019,NR
821671,MR,06/10/2019,A2
823473,SPR,5/28/2019,NR
823473,FR,5/28/2019,NR
823473,MR,06/11/2019,A3
824409,SPR,5/28/2019,NR
824409,FR,5/28/2019,NR
824409,MR,08/09/2019,A3
827125,SPR,5/17/2019,NR
827125,FR,5/17/2019,NR
827125,MR,5/30/2019,A3
827129,SPR,5/24/2019,NR
827129,FR,5/24/2019,NR
827129,MR,5/30/2019,A3
827189,FR,5/22/2019,NR
827189,MR,5/23/2019,A1
827189,SPR,5/24/2019,A-
827473,SPR,5/24/2019,NR
827473,FR,5/24/2019,NR
827473,MR,08/01/2019,A3
828549,SPR,6/25/2019,NR
828549,FR,6/25/2019,NR
828549,MR,7/26/2019,A3
830805,SPR,6/25/2019,NR
830805,FR,6/25/2019,NR
830805,MR,08/01/2019,A3
830849,SPR,6/25/2019,NR
830849,FR,6/25/2019,NR
830849,MR,7/29/2019,A3
830855,SPR,6/28/2019,NR
830855,FR,6/28/2019,NR
830855,MR,7/29/2019,A3
830907,SPR,6/25/2019,NR
830907,FR,6/25/2019,NR
830907,MR,7/29/2019,A3
832065,SPR,06/12/2019,A
832065,FR,06/12/2019,A+
832065,MR,6/17/2019,Aa3
832139,SPR,06/07/2019,NR
832139,FR,06/07/2019,NR
832139,MR,7/15/2019,A3
834537,SPR,6/25/2019,NR
834537,FR,6/25/2019,NR
834537,MR,08/01/2019,A3
843393,MR,08/01/2019,Baa3
843393,FR,08/06/2019,NR
843393,SPR,08/08/2019,BBB
