cusip_id,offering_amt,offering_date,maturity,bond_type,security_level,yankee,country_domicile,coupon,asset_backed,putable,convertible,callable,issue_id
00077TAA2,250000,20/05/1993,15/05/2023,CDEB,SUB,N,USA,7.75,N,N,N,N,5
00077TAB0,150000,13/10/1993,15/10/2093,CDEB,SUB,N,USA,7.125,N,N,N,N,6
001192AA1,300000,23/02/2001,14/01/2011,CDEB,SEN,N,USA,7.125,N,N,N,N,117277
00163XAM2,175000,10/08/2006,15/08/2013,CMTN,SEN,N,USA,5.9,N,N,N,N,351976
00206RBS0,1250000,07/02/2013,12/02/2016,CDEB,SEN,N,USA,0.7411,N,N,N,N,589049
00206RCB6,400000,20/11/2013,27/11/2018,CDEB,SEN,N,USA,3.22138,N,N,N,N,647968
00206RCD2,400000,05/03/2014,11/03/2019,CDEB,SEN,N,USA,3.44106,N,N,N,N,608141
00206RCF7,500000,26/03/2014,30/03/2017,CDEB,SEN,N,USA,1.41817,N,N,N,N,608657
00206RDU3,500000,23/03/2017,15/01/2020,CDEB,SEN,N,USA,2.95338,N,N,N,N,678371
00206RDV1,1500000,16/05/2017,15/07/2021,CDEB,SEN,N,USA,3.25338,N,N,N,N,688707
00206REJ7,750000,27/07/2017,14/02/2023,CDEB,SEN,N,USA,3.245,N,N,N,N,701223
002799AH7,1000000,20/04/2011,25/04/2014,CDEB,SEN,Y,GBR,1.8186,N,N,N,N,553315
002799AJ3,1000000,20/04/2011,27/04/2016,CDEB,SEN,Y,GBR,4,N,N,N,N,553311
002799AK0,500000,20/04/2011,25/04/2014,CDEB,SEN,Y,GBR,2.875,N,N,N,N,553313
019918AB7,200000,25/07/1994,15/11/2013,CDEB,SEN,N,USA,6.5,N,N,N,N,149324
02005NAF7,1000000,08/02/2011,11/02/2014,CDEB,SEN,N,USA,4.5,N,N,N,N,541151
02005NAR1,750000,04/09/2013,10/09/2018,CDEB,SEN,N,USA,4.75,N,N,N,N,599491
02005NBE9,750000,02/11/2015,05/11/2018,CDEB,SEN,N,USA,3.25,N,N,N,N,642073
02005NBF6,750000,17/11/2015,20/11/2025,CDEB,SUB,N,USA,5.75,N,N,N,N,642369
02006DAM3,1120,10/12/2012,15/06/2014,RNT,SEN,N,USA,2.15,N,N,N,N,615264
02209SAC7,1400000,05/11/2008,10/11/2013,CDEB,SEN,N,USA,8.5,N,N,N,N,485119
02209SAD5,3100000,05/11/2008,10/11/2018,CDEB,SEN,N,USA,9.7,N,N,N,N,485120
02209SAE3,1500000,05/11/2008,10/11/2038,CDEB,SEN,N,USA,9.95,N,N,N,N,485122
02209SAF0,775000,18/12/2008,22/06/2010,CDEB,SEN,N,USA,7.125,N,N,N,N,487442
02209SAG8,525000,03/02/2009,06/02/2014,CDEB,SEN,N,USA,7.75,N,N,N,N,490285
02209SAH6,1500000,03/02/2009,06/02/2039,CDEB,SEN,N,USA,10.2,N,N,N,N,490288
02209SAJ2,2200000,03/02/2009,06/08/2019,CDEB,SEN,N,USA,9.25,N,N,N,N,490292
02209SAM5,900000,06/08/2012,09/08/2042,CDEB,SEN,N,USA,4.25,N,N,N,N,579933
02209SAN3,1900000,06/08/2012,09/08/2022,CDEB,SEN,N,USA,2.85,N,N,N,N,579931
02209SAP8,350000,29/04/2013,02/05/2023,CDEB,SEN,N,USA,2.95,N,N,N,N,592327
02209SAQ6,650000,29/04/2013,02/05/2043,CDEB,SEN,N,USA,4.5,N,N,N,N,592329
02209SAR4,1800000,28/10/2013,31/01/2044,CDEB,SEN,N,USA,5.375,N,N,N,N,601453
02209SAS2,1400000,28/10/2013,31/01/2024,CDEB,SEN,N,USA,4,N,N,N,N,601451
025537AL5,400000,28/11/2018,01/12/2021,CDEB,SEN,N,USA,3.65,N,N,N,N,794453
025816AY5,2000000,12/03/2008,19/03/2018,CDEB,SEN,N,USA,7,N,N,N,N,434384
025816AZ2,1000000,12/03/2008,19/03/2038,CDEB,SEN,N,USA,8.15,N,N,N,N,434385
025816BG3,1000000,15/05/2013,22/05/2018,CDEB,SEN,N,USA,1.55,N,N,N,N,631694
025816BH1,850000,15/05/2013,22/05/2018,CDEB,SEN,N,USA,2.49394,N,N,N,N,631672
0258M0CX5,525000,12/06/2008,19/06/2013,CMTN,SEN,N,USA,1.8982,N,N,N,N,470958
02687QCR7,200000,02/10/2007,15/10/2037,CMTZ,SEN,N,USA,0,N,N,N,N,417467
030955AB4,96300,04/06/1991,01/06/2016,CDEB,SEN,N,USA,9.1,N,N,N,N,1057
03523TBK3,300000,07/07/2011,14/07/2014,CDEB,SEN,N,USA,0.58705,N,N,N,N,558375
035240AC4,309155,08/12/2016,01/08/2018,CDEB,SEN,N,USA,3.04805,N,N,N,N,667365
035242AF3,250000,22/01/2014,01/02/2019,CDEB,SEN,N,USA,2.941,N,N,N,N,605855
035242AK2,500000,13/01/2016,01/02/2021,CDEB,SEN,N,USA,3.5125,N,N,N,N,645969
03524BAD8,300000,22/01/2014,27/01/2017,CDEB,SEN,N,USA,1.07567,N,N,N,N,605853
037389AK9,701995,25/06/2009,01/01/2027,CDEB,JUNS,N,USA,8.205,N,N,N,N,500135
037833BC3,250000,06/05/2015,12/05/2017,CDEB,SEN,N,USA,,N,N,N,N,631555
037833BE9,500000,06/05/2015,06/05/2020,CDEB,SEN,N,USA,2.47563,N,N,N,N,631559
037833BT6,500000,16/02/2016,23/02/2021,CDEB,SEN,N,USA,3.6535,N,N,N,N,647343
04010L509,125000,26/01/2012,15/02/2022,PS,SEN,N,USA,7,N,N,N,N,569115
046353AP3,250000,05/06/2017,10/06/2022,CDEB,SEN,Y,GBR,3.073,N,N,N,N,692909
05565QBE7,1000000,12/03/2008,17/03/2010,CDEB,SEN,Y,GBR,0.46344,N,N,N,N,434308
05565QBF4,3000000,04/11/2008,07/11/2013,CDEB,SEN,Y,GBR,5.25,N,N,N,N,485094
05565QBK3,250000,12/03/2009,17/03/2011,CDEB,SEN,Y,GBR,1.30188,N,N,N,N,492417
05565QBL1,1400000,01/05/2009,08/05/2014,CDEB,SEN,Y,GBR,3.625,N,N,N,N,494922
05565QBT4,1000000,27/10/2011,01/11/2016,CDEB,SEN,Y,GBR,2.248,N,N,N,N,563397
05565QBV9,500000,01/12/2011,06/06/2013,CDEB,SEN,Y,GBR,0.7331,N,N,N,N,565457
05565QBW7,450000,01/12/2011,06/12/2013,CDEB,SEN,Y,GBR,0.8814,N,N,N,N,565459
05565QCA4,1000000,01/11/2012,06/11/2015,CDEB,SEN,Y,GBR,0.7,N,N,N,N,583753
05565QCF3,250000,07/05/2013,10/05/2018,CDEB,SEN,Y,GBR,2.3205,N,N,N,N,593277
05565QCL0,350000,04/11/2013,07/05/2015,CDEB,SEN,Y,GBR,0.4861,N,N,N,N,602587
05565QCM8,500000,04/11/2013,06/11/2015,CDEB,SEN,Y,GBR,0.6311,N,N,N,N,602589
05565QCN6,650000,04/11/2013,07/11/2016,CDEB,SEN,Y,GBR,1.2076,N,N,N,N,602591
05565QCQ9,250000,05/02/2014,10/05/2019,CDEB,SEN,Y,GBR,3.237,N,N,N,N,606913
05565QDN5,1500000,15/09/2017,19/09/2027,CDEB,SEN,Y,GBR,3.279,N,N,N,N,710901
05565QDP0,700000,15/09/2017,19/09/2022,CDEB,SEN,Y,GBR,2.52,N,N,N,N,710899
05565QDQ8,300000,15/09/2017,19/09/2022,CDEB,SEN,Y,GBR,3.052,N,N,N,N,710897
05565QDR6,500000,15/09/2017,19/09/2019,CDEB,SEN,Y,GBR,1.768,N,N,N,N,710895
05565QDT2,1000000,21/05/2019,24/11/2020,CDEB,SEN,Y,GBR,2.77475,N,N,N,N,827189
06048WMW7,10000,02/08/2012,07/08/2032,CMTN,SEN,N,USA,4,N,N,N,N,602474
06048WMY3,10000,08/08/2012,13/08/2027,CMTN,SEN,N,USA,,N,N,N,N,602946
06048WNE6,7000,19/09/2012,26/09/2027,CMTN,SEN,N,USA,,N,N,N,N,607792
06048WNF3,2000,09/10/2012,12/10/2027,CMTN,SEN,N,USA,,N,N,N,N,610374
06048WPS3,2500,25/09/2014,30/09/2016,CMTN,SEN,N,USA,,N,N,N,N,680098
060505AR5,1000000,19/09/2002,15/09/2012,CDEB,SEN,N,USA,4.875,N,N,N,N,149578
060505CM4,750000,09/08/2006,15/08/2011,CDEB,SEN,N,USA,0.36075,N,N,N,N,351799
06050TMF6,350000,03/12/2015,07/12/2018,USBN,SEN,N,USA,3.07681,N,N,N,N,642555
06050WEX9,21787,14/11/2011,15/11/2016,RNT,SEN,N,USA,4.65,N,N,N,N,575686
06050XDY6,7183,11/02/2002,15/02/2012,RNT,SUB,N,USA,5.9,N,N,N,N,137061
06051GFS3,2500000,27/07/2015,01/08/2025,CMTN,SEN,N,USA,3.875,N,N,N,N,709272
06406HCY3,350000,04/09/2014,11/09/2019,CMTN,SEN,N,USA,2.93063,N,N,N,N,678016
06426DAB0,26000,12/02/2009,12/02/2012,CDEB,SEN,N,USA,2.65,N,N,N,N,490788
06738EAC9,1250000,04/09/2014,11/09/2024,CDEB,SUB,Y,GBR,4.375,N,N,N,N,616339
06738EAE5,2000000,09/03/2015,16/03/2025,CDEB,SEN,Y,GBR,3.65,N,N,N,N,627453
06738EAG0,1000000,01/06/2015,08/06/2020,CDEB,SEN,Y,GBR,2.875,N,N,N,N,632117
06738EAJ4,1500000,10/08/2015,17/08/2045,CDEB,SEN,Y,GBR,5.25,N,N,N,N,637815
06738EAP0,1250000,05/05/2016,12/05/2026,CDEB,SUB,Y,GBR,5.2,N,N,N,N,653201
06738GUZ1,2050000,06/09/2007,12/09/2012,CDEB,SEN,Y,GBR,5.45,N,N,N,N,414471
06738JBR4,369,13/09/2010,16/09/2024,RNT,SEN,Y,GBR,4,N,N,N,N,533172
06738JDC5,1107,23/08/2010,26/08/2013,RNT,SEN,Y,GBR,1.5,N,N,N,N,529843
06738JE42,190,22/02/2011,25/02/2018,RNT,SEN,Y,GBR,3.75,N,N,N,N,547680
06738JMT8,1612,08/11/2010,12/11/2015,RNT,SEN,Y,GBR,2,N,N,N,N,538818
06738JVA9,1063,11/10/2011,14/10/2016,RNT,SEN,Y,GBR,3,N,N,N,N,573222
06738JZB3,1606,13/02/2012,16/02/2020,RNT,SEN,Y,GBR,3.5,N,N,N,N,586042
06739FHT1,2000000,12/02/2014,20/02/2019,CDEB,SEN,Y,GBR,2.5,N,N,N,N,606983
06739FHU8,750000,12/02/2014,17/02/2017,CDEB,SEN,Y,GBR,1.48622,N,N,N,N,606985
06739FHV6,2250000,12/05/2014,15/05/2024,CDEB,SEN,Y,GBR,3.75,N,N,N,N,611349
06739FJA0,1100,11/12/2015,19/12/2022,CMTN,SEN,Y,GBR,0.125,N,N,N,N,721484
06739FJF9,1100,04/03/2016,13/03/2023,CMTN,SEN,Y,GBR,0.125,N,N,N,N,728138
06739GAR0,3000000,05/01/2010,08/01/2020,CDEB,SEN,Y,GBR,5.125,N,N,N,N,511882
06739GBB4,1000000,30/03/2010,07/04/2015,CDEB,SEN,Y,GBR,3.9,N,N,N,N,519443
06739GBP3,1250000,06/10/2010,14/10/2020,CDEB,SEN,Y,GBR,5.14,N,N,N,N,535392
06739GBS7,1250000,06/01/2011,13/01/2014,CDEB,SEN,Y,GBR,2.375,N,N,N,N,539357
06740L8C2,3000000,14/11/2012,21/11/2022,CDEB,SEN,Y,GBR,7.625,N,N,N,N,613802
06740P3N4,750000,06/01/2011,13/01/2014,CDEB,SEN,Y,GBR,1.2836,N,N,N,N,539359
06741JS26,1250000,15/02/2012,23/02/2015,CDEB,SEN,Y,GBR,2.75,N,N,N,N,570705
06741JV89,80885,11/08/2014,18/08/2021,CMTZ,SEN,Y,GBR,0,N,N,N,N,675712
06741RGF2,330,25/03/2013,28/03/2028,RNT,SEN,Y,GBR,2.75,N,N,N,N,625878
06741TJZ1,1990,23/11/2012,28/11/2022,CMTN,SEN,Y,GBR,3.27063,N,N,N,N,614500
06747M3N4,541,19/12/2018,24/12/2025,CMTZ,SEN,Y,GBR,0,N,N,N,N,798645
06747MDN3,70,25/02/2019,27/02/2026,CMTZ,SEN,Y,GBR,0,N,N,N,N,809109
07177MAJ2,375000,29/04/2016,22/06/2018,CDEB,SEN,N,USA,3.02814,N,N,N,N,655501
071813BK4,500000,04/06/2013,11/12/2014,CDEB,SEN,N,USA,0.4046,N,N,N,N,594721
07385TAJ5,750000,30/10/2002,15/11/2014,CDEB,SEN,N,USA,5.7,N,N,N,N,151926
073902CD8,500000,18/06/2003,02/07/2018,CDEB,SEN,N,USA,4.65,N,N,N,N,166723
073902KF4,1000000,24/10/2005,30/10/2015,CDEB,SEN,N,USA,5.3,N,N,N,N,309247
073902KG2,1500000,25/01/2006,31/01/2011,CDEB,SEN,N,USA,0.51813,N,N,N,N,323332
073902PN2,1000000,15/11/2006,22/01/2017,CDEB,SUB,N,USA,5.55,N,N,N,N,370665
073902PP7,1250000,18/01/2007,01/02/2012,CDEB,SEN,N,USA,5.35,N,N,N,N,379714
073902PR3,2500000,27/09/2007,02/10/2017,CDEB,SEN,N,USA,6.4,N,N,N,N,416716
073902RU4,3000000,29/01/2008,01/02/2018,CDEB,SEN,N,USA,7.25,N,N,N,N,429889
075887BC2,750000,04/12/2014,15/06/2016,CDEB,SEN,N,USA,1.08385,N,N,N,N,620913
079867AQ0,375133,06/12/1995,15/12/2015,CDEB,SEN,N,USA,6.3,N,N,N,N,32926
084664CL3,250000,08/08/2016,15/08/2019,CDEB,SEN,N,USA,2.778,N,N,N,N,660003
084670BG2,300000,29/01/2013,11/02/2016,CDEB,SEN,N,USA,0.8,N,N,N,N,588121
084670BL1,750000,07/08/2014,14/08/2019,CDEB,SEN,N,USA,2.1,N,N,N,N,615969
10373QBD1,181699,10/12/2018,19/09/2022,CDEB,SEN,N,USA,3.052,N,N,N,N,797541
126168AB9,100000,03/12/1993,01/12/2013,CDEB,SEN,N,USA,7.125,N,N,N,N,3024
134429AX7,400000,30/07/2012,01/08/2014,CDEB,SEN,N,USA,0.52535,N,N,N,N,578965
134429BB4,500000,12/03/2018,16/03/2020,CDEB,SEN,N,USA,2.91025,N,N,N,N,746233
134429BC2,400000,12/03/2018,15/03/2021,CDEB,SEN,N,USA,3.04025,N,N,N,N,746235
14040HAV7,750000,14/07/2011,15/07/2014,CDEB,SEN,N,USA,2.125,N,N,N,N,558545
14040HAW5,250000,14/07/2011,15/07/2014,CDEB,SEN,N,USA,1.37645,N,N,N,N,558577
14040HAX3,750000,14/07/2011,15/07/2016,CDEB,SEN,N,USA,3.15,N,N,N,N,558541
14040HAY1,1250000,14/07/2011,15/07/2021,CDEB,SEN,N,USA,4.75,N,N,N,N,558543
149123BT7,500000,24/05/2011,21/11/2012,CDEB,SEN,N,USA,0.5345,N,N,N,N,555123
149123BW0,750000,24/05/2011,21/05/2013,CDEB,SEN,N,USA,0.4591,N,N,N,N,555125
14912HPK0,2495,06/06/2011,15/06/2015,RNT,SEN,N,USA,1.55,N,N,N,N,555285
14913Q2K4,600000,09/05/2018,15/05/2020,CMTN,SEN,N,USA,2.33813,N,N,N,N,757193
165167CQ8,2425206,02/12/2015,15/12/2022,CDEB,SS,N,USA,8,N,N,N,N,645047
166764AX8,500000,09/11/2015,09/11/2017,CDEB,SEN,N,USA,1.67139,N,N,N,N,642207
170032AT3,175000,06/02/2008,15/08/2016,CCOV,SEN,N,USA,4.25,N,N,N,N,430893
171340AM4,300000,20/07/2017,25/01/2019,CDEB,SEN,N,USA,2.63988,N,N,N,N,700305
17275RAY8,900000,10/06/2015,15/06/2018,CDEB,SEN,N,USA,2.4345,N,N,N,N,632673
172967AL5,200000,09/05/1995,15/05/2025,CDEB,SEN,N,USA,7.875,N,N,N,N,25620
172967DE8,1000000,01/12/2005,07/01/2016,CDEB,SEN,N,USA,5.3,N,N,N,N,315349
172967DY4,1250000,05/02/2007,15/02/2017,CDEB,SUB,N,USA,5.5,N,N,N,N,382465
172967EC1,1000000,18/05/2007,29/05/2037,CDEB,SEN,N,USA,5.875,N,N,N,N,398523
172967EG2,3000000,06/08/2007,13/08/2010,CDEB,SEN,N,USA,0.57281,N,N,N,N,409777
172967EH0,1500000,08/08/2007,15/08/2017,CDEB,SEN,N,USA,6,N,N,N,N,410209
172967EJ6,1000000,20/08/2007,27/08/2012,CDEB,SEN,N,USA,5.5,N,N,N,N,411854
172967EL1,3000000,10/10/2007,17/10/2012,CDEB,SEN,N,USA,5.3,N,N,N,N,418090
172967EM9,4000000,14/11/2007,21/11/2017,CDEB,SEN,N,USA,6.125,N,N,N,N,422169
172967EP2,2500000,27/02/2008,05/03/2038,CDEB,SEN,N,USA,6.875,N,N,N,N,432644
172967EQ0,4500000,07/04/2008,11/04/2013,CDEB,SEN,N,USA,5.5,N,N,N,N,436964
172967ES6,3000000,05/05/2008,15/05/2018,CDEB,SEN,N,USA,6.125,N,N,N,N,466747
172967ET4,550000,06/05/2008,15/05/2018,CDEB,SEN,N,USA,3.53875,N,N,N,N,466827
172967EU1,3000000,12/08/2008,19/08/2013,CDEB,SEN,N,USA,6.5,N,N,N,N,480024
172967EW7,2500000,20/07/2009,15/07/2039,CDEB,SEN,N,USA,8.125,N,N,N,N,500541
172967EY3,2500000,05/08/2009,12/08/2014,CDEB,SEN,N,USA,6.375,N,N,N,N,502051
172967EZ0,2000000,17/09/2009,15/10/2014,CDEB,SEN,N,USA,5.5,N,N,N,N,504369
172967FD8,1500000,12/05/2010,19/05/2015,CDEB,SEN,N,USA,4.75,N,N,N,N,523115
172967FE6,1875000,09/06/2010,13/12/2013,CDEB,SEN,N,USA,6,N,N,N,N,525041
172967FF3,2250000,02/08/2010,09/08/2020,CDEB,SEN,N,USA,5.375,N,N,N,N,529075
172967FG1,750000,06/08/2010,13/08/2013,CDEB,SEN,N,USA,2.2751,N,N,N,N,529679
172967FL0,1000000,06/01/2011,13/01/2014,CMTN,SEN,N,USA,1.6936,N,N,N,N,543812
172967FS5,1875000,08/06/2011,15/06/2016,CDEB,SEN,N,USA,3.953,N,N,N,N,555781
172967FT3,1000000,25/10/2011,14/01/2022,CDEB,SEN,N,USA,4.5,N,N,N,N,563371
172967FU0,500000,09/11/2011,21/11/2016,CDEB,SEN,N,USA,2.961,N,N,N,N,576294
172967FV8,500000,02/12/2011,09/12/2014,CDEB,SEN,N,USA,3.625,N,N,N,N,566623
172967FW6,2500000,03/01/2012,10/01/2017,CDEB,SEN,N,USA,4.45,N,N,N,N,568531
172967FX4,1000000,19/01/2012,30/01/2042,CDEB,SEN,N,USA,5.875,N,N,N,N,568833
172967FY2,1250000,22/02/2012,02/03/2015,CDEB,SEN,N,USA,2.65,N,N,N,N,570871
172967GB1,1250000,31/07/2012,07/08/2015,CDEB,SEN,N,USA,2.25,N,N,N,N,579017
172967GC9,500000,20/09/2012,27/09/2017,CDEB,SEN,N,USA,2.73328,N,N,N,N,608146
172967GG0,1750000,03/01/2013,15/01/2016,CDEB,SEN,N,USA,1.25,N,N,N,N,585851
172967GJ4,500000,31/01/2013,08/11/2017,CDEB,SEN,N,USA,2.36194,N,N,N,N,588201
172967GK1,894000,05/02/2013,30/07/2022,CDEB,SUB,N,USA,4.05,N,N,N,N,588943
172967GL9,1500000,14/02/2013,01/03/2023,CDEB,SEN,N,USA,3.375,N,N,N,N,589383
172967GP0,850000,22/03/2013,01/04/2016,CDEB,SEN,N,USA,1.3,N,N,N,N,590887
172967GQ8,650000,22/03/2013,01/04/2016,CDEB,SEN,N,USA,1.4022,N,N,N,N,590885
172967GS4,1350000,24/04/2013,01/05/2018,CDEB,SEN,N,USA,1.75,N,N,N,N,592239
172967GT2,1250000,07/05/2013,15/05/2023,CDEB,SUB,N,USA,3.5,N,N,N,N,593281
172967GV7,1000000,18/07/2013,25/07/2016,CDEB,SEN,N,USA,1.5981,N,N,N,N,597041
172967GW5,1500000,18/07/2013,25/07/2016,CDEB,SEN,N,USA,1.7,N,N,N,N,597043
172967GZ8,500000,23/07/2013,30/07/2018,CDEB,SEN,N,USA,3.39878,N,N,N,N,637596
172967HA2,1000000,10/09/2013,13/09/2043,CDEB,SUB,N,USA,6.675,N,N,N,N,599573
172967HB0,1420000,10/09/2013,13/09/2025,CDEB,SUB,N,USA,5.5,N,N,N,N,599571
172967HC8,1750000,19/09/2013,26/09/2018,CDEB,SEN,N,USA,2.5,N,N,N,N,599767
172967HD6,2000000,21/10/2013,25/10/2023,CDEB,SEN,N,USA,3.875,N,N,N,N,601361
172967HE4,500000,31/10/2013,07/11/2043,CDEB,SEN,N,USA,4.95,N,N,N,N,601529
172967HF1,500000,06/11/2013,09/11/2018,CDEB,SEN,N,USA,3.47125,N,N,N,N,602609
172967HG9,800000,07/11/2013,15/11/2016,CDEB,SEN,N,USA,1.3,N,N,N,N,602637
172967HH7,500000,07/11/2013,15/11/2016,CDEB,SEN,N,USA,1.497,N,N,N,N,602639
172967HK0,1000000,04/03/2014,10/03/2017,CDEB,SEN,N,USA,1.35,N,N,N,N,608091
172967HL8,1000000,04/03/2014,10/03/2017,CDEB,SEN,N,USA,1.49306,N,N,N,N,608089
172967HM6,2000000,01/04/2014,08/04/2019,CDEB,SEN,N,USA,2.55,N,N,N,N,608685
172967HN4,250000,01/04/2014,08/04/2019,CDEB,SEN,N,USA,3.565,N,N,N,N,608687
172967HR5,750000,24/04/2014,01/05/2017,CDEB,SEN,N,USA,1.554,N,N,N,N,610185
172967HS3,1000000,29/04/2014,06/05/2044,CDEB,SUB,N,USA,5.3,N,N,N,N,610215
172967HT1,1250000,09/06/2014,16/06/2024,CDEB,SEN,N,USA,3.75,N,N,N,N,651451
172967HU8,2000000,22/07/2014,29/07/2019,CDEB,SEN,N,USA,2.5,N,N,N,N,614641
172967HV6,750000,29/07/2014,05/08/2024,CDEB,SUB,N,USA,4,N,N,N,N,614753
172967HY0,1250000,07/08/2014,14/08/2017,CDEB,SEN,N,USA,1.55,N,N,N,N,615967
172967JD4,400000,18/11/2014,24/11/2017,CDEB,SEN,N,USA,2.01722,N,N,N,N,620573
172967JE2,1600000,18/11/2014,24/11/2017,CDEB,SEN,N,USA,1.85,N,N,N,N,622697
172967JH5,2000000,29/01/2015,05/02/2018,CDEB,SEN,N,USA,1.8,N,N,N,N,624649
172967JJ1,2000000,10/02/2015,18/02/2020,CDEB,SEN,N,USA,2.4,N,N,N,N,625653
172967JN2,2500000,22/04/2015,27/04/2018,CDEB,SEN,N,USA,1.7,N,N,N,N,629759
172967JR3,500000,03/06/2015,20/12/2019,CDEB,SEN,N,USA,3.15663,N,N,N,N,632197
172967JT9,2500000,03/06/2015,10/06/2025,CDEB,SUB,N,USA,4.4,N,N,N,N,632205
172967JU6,1250000,23/07/2015,30/07/2045,CDEB,SEN,N,USA,4.65,N,N,N,N,635985
172967JV4,500000,23/07/2015,30/07/2018,CDEB,SEN,N,USA,3.23878,N,N,N,N,635965
172967JW2,1250000,23/07/2015,30/07/2018,CDEB,SEN,N,USA,2.15,N,N,N,N,635971
172967KA8,2000000,23/09/2015,29/09/2027,CDEB,SUB,N,USA,4.45,N,N,N,N,639869
172967KB6,2700000,19/10/2015,26/10/2020,CDEB,SEN,N,USA,2.65,N,N,N,N,641299
172967LL3,1500000,11/05/2017,17/05/2024,CDEB,SEN,N,USA,3.62513,N,N,N,N,688157
1730T0HP7,3100,29/09/2009,03/12/2010,CMTN,SEN,N,USA,0.09063,N,N,N,N,506518
1730T0JJ9,10000,02/06/2010,18/07/2011,CMTN,SEN,N,USA,0,N,N,N,N,524973
1730T0KN8,28000,15/11/2010,22/12/2011,CMTN,SEN,N,USA,0.48778,N,N,N,N,539498
1730T0KP3,43700,11/10/2010,19/10/2011,CMTN,SEN,N,USA,0.04333,N,N,N,N,535624
1730T0KQ1,3765,17/11/2010,21/11/2012,CMTZ,SEN,N,USA,0,N,N,N,N,539702
1730T0MK2,679,25/05/2011,02/06/2014,CMTZ,SEN,N,USA,0,N,N,N,N,558782
17313UAA7,3750000,02/12/2008,09/12/2011,CDEB,SEN,N,USA,2.875,N,N,N,N,485750
17313UAB5,1250000,03/12/2008,09/12/2010,CDEB,SEN,N,USA,0.84188,N,N,N,N,485753
17313UAC3,750000,02/12/2008,09/12/2011,CDEB,SEN,N,USA,1.04778,N,N,N,N,485747
17324CUV6,3473,29/05/2018,08/06/2021,CMTN,SEN,N,USA,,N,N,N,N,760427
17324XHW3,2090,29/05/2018,08/06/2021,CMTN,SEN,N,USA,,N,N,N,N,757711
17326Y7E0,1413,25/06/2019,30/06/2026,CMTZ,SEN,N,USA,0,N,N,N,N,828549
174610AC9,333000,03/02/2016,01/10/2024,CDEB,SUB,N,USA,4.023,N,N,N,N,661457
174610AL9,250000,29/10/2015,01/07/2024,CDEB,SUB,N,USA,3.75,N,N,N,N,661455
184502AD4,175000,11/06/1998,15/06/2018,CDEB,SEN,N,USA,6.875,N,N,N,N,76232
190441AW5,200000,02/06/1998,01/06/2028,CDEB,SEN,N,USA,6.95,N,N,N,N,75664
197677AG2,291436,25/05/1995,15/06/2025,CDEB,SEN,N,USA,7.69,N,N,N,N,100362
20035CAA8,250000,26/05/2004,01/06/2014,CDEB,SUB,N,USA,5.7,N,N,N,N,189163
20451PKM7,400000,24/09/2014,29/09/2017,USBN,SEN,N,USA,1.85,N,N,N,N,617879
20826FAM8,250000,13/05/2015,15/05/2018,CDEB,SEN,N,USA,2.16875,N,N,N,N,631743
210805AS6,35363,02/10/1996,02/01/2016,CDEB,SS,N,USA,8.56,N,N,N,N,165332
210805AT4,35363,02/10/1996,02/01/2016,CDEB,SS,N,USA,10.22,N,N,N,N,165334
212485AE6,124963,09/09/2009,15/09/2029,CCOV,JUNS,N,USA,5.75,N,N,N,N,507746
22541HCC4,2000000,13/02/2008,15/02/2018,CDEB,SUB,N,USA,6,N,N,N,N,431454
22541LAH6,1000000,11/08/2003,15/08/2013,CDEB,SEN,N,USA,5.5,N,N,N,N,169951
22541LAR4,2000000,08/12/2004,15/01/2015,CDEB,SEN,N,USA,4.875,N,N,N,N,198726
225434AF6,750000,27/02/2006,02/03/2011,CDEB,SEN,N,USA,5.25,N,N,N,N,325879
225434AG4,1000000,27/02/2006,02/03/2016,CDEB,SEN,N,USA,5.375,N,N,N,N,325887
2254C0JA6,6900,31/07/2006,29/07/2010,USBN,SEN,N,USA,0,N,N,N,N,351255
2254C0TC1,4000000,01/05/2008,15/05/2013,CMTN,SEN,N,USA,5,N,N,N,N,465470
23331AAF6,150000,06/09/2000,15/09/2010,CDEB,SENS,N,USA,9.75,N,N,N,N,111448
23331AAJ8,200000,08/08/2001,15/08/2011,CDEB,SEN,N,USA,7.875,N,N,N,N,127713
23331AAP4,200000,11/04/2003,01/05/2013,CDEB,SEN,N,USA,6.875,N,N,N,N,162268
23331AAS8,200000,06/07/2004,15/01/2014,CDEB,SEN,N,USA,6.125,N,N,N,N,191039
23331AAT6,250000,14/09/2004,15/09/2014,CDEB,SEN,N,USA,5.625,N,N,N,N,194144
2338E8XL8,2658,18/04/2005,15/04/2010,RNT,SEN,N,USA,5.1,N,N,N,N,280669
2338E8YT0,4054,29/08/2005,15/09/2010,RNT,SEN,N,USA,5,N,N,N,N,301117
235851AJ1,300000,20/06/2011,21/06/2013,CDEB,SEN,N,USA,0.5321,N,N,N,N,556003
24422ERQ4,500000,12/04/2012,17/04/2015,CMTN,SEN,N,USA,0.875,N,N,N,N,574551
24424CAP6,4891,29/05/2009,15/06/2011,RNT,SEN,N,USA,2.75,N,N,N,N,496524
24424CAQ4,6926,29/05/2009,16/06/2014,RNT,SEN,N,USA,4.25,N,N,N,N,496526
249030AA5,250000,16/08/2011,15/08/2013,CDEB,SEN,N,USA,1.7751,N,N,N,N,560435
251526BP3,1500000,17/01/2018,22/01/2021,CDEB,SEN,N,USA,3.15,N,N,N,N,735085
251526BU2,380071,31/05/2018,20/08/2020,CDEB,SEN,N,USA,2.95,N,N,N,N,760545
25152R2U6,1000000,17/08/2015,20/08/2020,CMTN,SEN,Y,GBR,2.95,N,N,N,N,637907
25152R2X0,1000000,08/01/2016,13/01/2021,CMTN,SEN,Y,GBR,3.125,N,N,N,N,723226
25152RUV3,1000,28/01/2013,31/01/2033,CMTN,SEN,Y,GBR,,N,N,N,N,620028
25152RUY7,18250,25/02/2013,15/03/2033,CMTN,SEN,Y,GBR,,N,N,N,N,622394
25154P469,30526,27/01/2011,03/02/2012,CMTZ,SEN,Y,GBR,0,N,N,N,N,545774
25154P568,3000,05/01/2011,12/01/2012,CMTZ,SEN,Y,GBR,0,N,N,N,N,543752
25154P576,4207,18/01/2011,25/01/2016,CMTZ,SEN,Y,GBR,0,N,N,N,N,544576
25155MKW0,1000,20/04/2018,24/04/2024,RNT,SEN,Y,GBR,4,N,N,N,N,752567
2515A0JR5,2952,28/01/2008,31/01/2013,CMTZ,SEN,Y,GBR,0,N,N,N,N,430920
2515A0RL9,980,27/10/2008,31/10/2011,CMTZ,SEN,Y,GBR,0,N,N,N,N,484343
2515A12N0,1868,26/01/2011,30/01/2014,CMTZ,SEN,Y,GBR,0,N,N,N,N,545570
2515A13G4,13869,02/02/2011,07/03/2012,CMTZ,SEN,Y,GBR,0,N,N,N,N,546082
25179MAQ6,500000,11/12/2013,15/12/2015,CDEB,SEN,N,USA,0.7872,N,N,N,N,604345
25179MAR4,350000,11/12/2013,15/12/2016,CDEB,SEN,N,USA,1.39028,N,N,N,N,604347
25466AAP6,900000,10/09/2018,13/09/2028,USBN,SEN,N,USA,4.65,N,N,N,N,780569
25468PCF1,750000,12/07/2007,16/07/2010,CMTN,SEN,N,USA,0.37375,N,N,N,N,405329
25468PCY0,800000,12/02/2013,11/02/2015,CMTN,SEN,N,USA,0.2221,N,N,N,N,622626
254709AC2,400000,24/03/2008,11/06/2010,CDEB,SEN,N,USA,0.78563,N,N,N,N,466620
257375AM7,500000,14/06/2018,15/06/2021,CDEB,SEN,N,USA,3.01025,N,N,N,N,764405
26078JAG5,500000,14/11/2018,15/11/2020,CDEB,SEN,N,USA,2.86813,N,N,N,N,792919
26078JAH3,300000,14/11/2018,15/11/2023,CDEB,SEN,N,USA,3.26813,N,N,N,N,792921
263534CH0,600000,22/03/2011,25/03/2014,CDEB,SEN,N,USA,0.66585,N,N,N,N,543109
263534CM9,750000,27/04/2017,01/05/2020,CDEB,SEN,N,USA,3.26625,N,N,N,N,684629
26444GAA1,183000,15/06/2016,01/03/2022,CDEB,SS,N,USA,1.196,N,N,N,N,655687
26444GAB9,150000,15/06/2016,01/09/2024,CDEB,SS,N,USA,1.731,N,N,N,N,655689
26444GAC7,436000,15/06/2016,01/09/2031,CDEB,SS,N,USA,2.538,N,N,N,N,655691
26444GAD5,250000,15/06/2016,01/03/2035,CDEB,SS,N,USA,2.858,N,N,N,N,655693
26444GAE3,275290,15/06/2016,01/09/2038,CDEB,SS,N,USA,3.112,N,N,N,N,655695
26444HAD3,400000,07/12/2017,15/12/2019,CDEB,SEN,N,USA,2.1,N,N,N,N,727795
26884LAD1,500000,27/09/2017,01/10/2020,CDEB,SEN,N,USA,3.08888,N,N,N,N,712567
278642202,750000,22/02/2016,01/02/2056,PS,SEN,N,USA,6,N,N,N,N,647475
291641AT5,50000,23/04/1998,01/04/2010,CDEB,SS,N,USA,6.5,N,N,N,N,72935
30231GAM4,500000,03/03/2015,01/03/2018,CDEB,SEN,N,USA,1.53063,N,N,N,N,627209
30231GAS1,750000,29/02/2016,01/03/2018,CDEB,SEN,N,USA,2.08738,N,N,N,N,647615
302570BG0,200000,05/11/2009,09/11/2012,CDEB,SEN,N,USA,0.83785,N,N,N,N,507992
31677QBA6,650000,22/04/2014,01/06/2017,USBN,SEN,N,USA,1.35,N,N,N,N,663330
31677QBD0,1000000,17/08/2015,20/08/2018,USBN,SEN,N,USA,2.15,N,N,N,N,755002
31677QBE8,250000,17/08/2015,20/08/2018,USBN,SEN,N,USA,,N,N,N,N,755000
33582VAC2,300000,08/12/2011,15/12/2021,CDEB,SUB,N,USA,7.25,N,N,N,N,566661
337915AA0,250000,28/01/2013,04/02/2023,CDEB,SUB,N,USA,4.35,N,N,N,N,620728
345370BS8,500000,08/05/1997,15/05/2097,CDEB,SEN,N,USA,7.7,N,N,N,N,54017
345397TZ6,2000000,16/09/2003,01/10/2013,CDEB,SEN,N,USA,7,N,N,N,N,172014
345397VR1,1250000,02/02/2011,01/02/2021,CDEB,SEN,N,USA,5.75,N,N,N,N,539991
345397XH1,1000000,11/06/2015,15/06/2018,CDEB,SEN,N,USA,2.24,N,N,N,N,632705
345397XL2,700000,30/07/2015,04/08/2025,CDEB,SEN,N,USA,4.134,N,N,N,N,636079
345397XT5,1200000,05/01/2016,08/01/2019,CDEB,SEN,N,USA,2.943,N,N,N,N,645863
345397XW8,1750000,15/03/2016,18/03/2021,CDEB,SEN,N,USA,3.336,N,N,N,N,648991
34540TQE5,16234,08/05/2017,20/05/2027,RNT,SEN,N,USA,4,N,N,N,N,686275
360271AE0,100000,05/08/2005,01/04/2015,CDEB,SUB,N,USA,5.35,N,N,N,N,304091
36186CAF0,1000000,12/12/2006,15/12/2011,CDEB,SEN,N,USA,6,N,N,N,N,374910
36186CBM4,802159,04/01/2010,02/03/2011,CDEB,SEN,N,USA,7.25,N,N,N,N,512373
36186CBN2,122605,04/01/2010,01/04/2011,CDEB,SEN,N,USA,6,N,N,N,N,512644
36186CBP7,570441,04/01/2010,06/06/2011,CDEB,SEN,N,USA,5.375,N,N,N,N,512652
36186CBQ5,3087771,04/01/2010,15/09/2011,CDEB,SEN,N,USA,6.875,N,N,N,N,512397
36186CBS1,357492,04/01/2010,01/02/2012,CDEB,SEN,N,USA,7,N,N,N,N,512664
36186CBU6,129264,04/01/2010,23/05/2012,CDEB,SEN,N,USA,6,N,N,N,N,512889
36186CBV4,784677,04/01/2010,28/08/2012,CDEB,SEN,N,USA,6.875,N,N,N,N,512400
36186CBW2,764653,04/01/2010,01/12/2014,CDEB,SEN,N,USA,6.75,N,N,N,N,512669
36186CBX0,294768,04/01/2010,01/12/2014,CDEB,SEN,N,USA,2.4336,N,N,N,N,512682
36186CBY8,1995021,04/01/2010,01/11/2031,CDEB,SEN,N,USA,8,N,N,N,N,512402
369300AL2,429463,15/12/2009,15/11/2029,CDEB,SENS,N,USA,4.5,N,N,N,N,510993
369604BC6,4000000,29/11/2007,06/12/2017,CDEB,SEN,N,USA,5.25,N,N,N,N,423819
36962GS62,1000000,18/10/2005,21/10/2010,CMTN,SEN,N,USA,4.875,N,N,N,N,308951
36962GS70,1000000,18/10/2005,21/10/2010,CMTN,SEN,N,USA,0.61781,N,N,N,N,308927
36962GU44,229644,29/12/2005,01/01/2024,CMTN,SEN,N,USA,5.012,N,N,N,N,319801
36966RNY8,3007,31/03/2004,15/10/2014,RNT,SEN,N,USA,4.375,N,N,N,N,184785
36966RUC8,1765,06/12/2004,15/12/2014,RNT,SEN,N,USA,4.625,N,N,N,N,198193
370334CB8,850000,03/04/2018,16/04/2021,CDEB,SEN,N,USA,2.84338,N,N,N,N,750393
370334CC6,400000,03/04/2018,17/10/2023,CDEB,SEN,N,USA,3.31325,N,N,N,N,750395
37033LFV3,100000,05/02/2008,05/02/2013,CMTN,SEN,N,USA,8.022,N,N,N,N,430751
370425RX0,3500000,05/09/2001,15/09/2011,CDEB,SEN,N,USA,6.875,N,N,N,N,129165
370425RZ5,4000000,26/10/2001,01/11/2031,CDEB,SEN,N,USA,8,N,N,N,N,131767
37045XBA3,250000,07/10/2015,15/01/2019,CDEB,SEN,N,USA,4.84731,N,N,N,N,641153
3704A0DH2,6267,26/11/2003,15/12/2010,RNT,SEN,N,USA,1.942,N,N,N,N,175608
3704A0E65,107,28/07/2005,15/08/2012,RNT,SEN,N,USA,3.596,N,N,N,N,297530
3704A0FW7,5598,05/02/2004,15/02/2011,RNT,SEN,N,USA,1.637,N,N,N,N,179438
3704A0PY2,17740,19/08/2004,15/08/2011,RNT,SEN,N,USA,2.031,N,N,N,N,192637
3704A0UH3,22477,02/12/2004,15/12/2011,RNT,SEN,N,USA,2.21,N,N,N,N,197998
37246WAC9,50000,08/12/1995,15/12/2015,CDEB,SEN,N,USA,7.5,N,N,N,N,99954
372546AA9,200000,11/03/2009,01/02/2019,CDEB,SEN,N,USA,6,N,N,N,N,496140
373334FV8,100000,12/01/2004,15/01/2011,CDEB,SEN,N,USA,4,N,N,N,N,178124
375558BN2,750000,14/09/2017,20/09/2018,CDEB,SEN,N,USA,2.49469,N,N,N,N,710881
375558BP7,750000,14/09/2017,20/03/2019,CDEB,SEN,N,USA,3.012,N,N,N,N,710885
375558BQ5,500000,14/09/2017,20/09/2019,CDEB,SEN,N,USA,2.63663,N,N,N,N,710887
377372AF4,1000000,06/05/2008,13/05/2010,CDEB,SEN,N,USA,0.875,N,N,N,N,466806
38141EB24,350000,11/09/2012,19/09/2014,CMTN,SEN,N,USA,1.331,N,N,N,N,607496
38141EB32,1250000,15/11/2012,23/11/2015,CMTN,SEN,N,USA,1.6,N,N,N,N,613928
38141EB40,500000,15/11/2012,21/11/2014,CMTN,SEN,N,USA,1.2344,N,N,N,N,613932
38141EB73,1000000,12/11/2013,15/11/2018,CMTN,SEN,N,USA,3.41375,N,N,N,N,647468
38141EB99,900000,29/05/2014,04/06/2017,CMTN,SEN,N,USA,1.725,N,N,N,N,668060
38141EC49,1000000,11/12/2014,15/12/2017,CMTN,SEN,N,USA,2.12,N,N,N,N,687198
38141EC56,500000,30/04/2015,12/09/2019,CMTN,SEN,N,USA,3.26575,N,N,N,N,701138
38141GEE0,2500000,09/01/2006,15/01/2016,CDEB,SEN,N,USA,5.35,N,N,N,N,320337
38141GEF7,750000,09/01/2006,15/01/2011,CDEB,SEN,N,USA,5,N,N,N,N,320335
38141GEV2,1000000,07/02/2007,14/02/2012,CDEB,SEN,N,USA,5.3,N,N,N,N,382787
38141GFM1,2500000,25/03/2008,01/04/2018,CDEB,SEN,N,USA,6.15,N,N,N,N,435366
38141GGM0,2500000,21/01/2011,01/02/2041,CMTN,SEN,N,USA,6.25,N,N,N,N,544958
38141GGQ1,2750000,22/07/2011,27/07/2021,CDEB,SEN,N,USA,5.25,N,N,N,N,558691
38141GGR9,500000,26/07/2011,29/07/2013,CMTN,SEN,N,USA,1.2756,N,N,N,N,558769
38141GGS7,4250000,19/01/2012,24/01/2022,CDEB,SEN,N,USA,5.75,N,N,N,N,568831
38141GGT5,2000000,30/04/2012,03/05/2015,CDEB,SEN,N,USA,3.3,N,N,N,N,574823
38141GRC0,2750000,16/01/2013,22/01/2018,CMTN,SEN,N,USA,2.375,N,N,N,N,587949
38141GRD8,2250000,16/01/2013,22/01/2023,CMTN,SEN,N,USA,3.625,N,N,N,N,587947
38141GVK7,1250000,25/04/2013,30/04/2018,CMTN,SEN,N,USA,2.9669,N,N,N,N,629864
38141GVM3,3000000,26/02/2014,03/03/2024,CDEB,SEN,N,USA,4,N,N,N,N,607191
38141GVN1,300000,26/02/2014,15/09/2017,CDEB,SEN,N,USA,1.748,N,N,N,N,607229
38141GVR2,2000000,16/10/2015,21/10/2025,CDEB,SUB,N,USA,4.25,N,N,N,N,641287
38141GVV3,500000,20/04/2016,25/04/2019,CDEB,SEN,N,USA,3.62025,N,N,N,N,651069
38141GWU4,2500000,18/01/2018,23/02/2023,CDEB,SEN,N,USA,3.2735,N,N,N,N,735089
38143C5M9,1995,29/02/2016,15/03/2028,RNT,SEN,N,USA,3.5,N,N,N,N,726528
38143C5R8,627,14/03/2016,15/03/2026,RNT,SEN,N,USA,3.25,N,N,N,N,728056
38143U8G9,600000,22/02/2016,25/02/2021,CDEB,SEN,N,USA,4.29063,N,N,N,N,647471
38143UAV3,900000,22/09/2004,29/09/2014,CDEB,SEN,N,USA,0.8341,N,N,N,N,194692
38143USB8,1000000,02/02/2011,07/02/2014,CDEB,SEN,N,USA,1.2377,N,N,N,N,539977
38143USC6,2500000,02/02/2011,07/02/2016,CDEB,SEN,N,USA,3.625,N,N,N,N,539973
38144LAB6,2500000,23/08/2007,01/09/2017,CDEB,SEN,N,USA,6.25,N,N,N,N,412383
38144LAC4,2000000,11/10/2007,01/11/2012,CDEB,SEN,N,USA,5.45,N,N,N,N,418182
38145GAK6,750000,08/12/2016,13/12/2019,CDEB,SEN,N,USA,3.23575,N,N,N,N,667373
38145XAA1,2500000,28/01/2014,31/01/2019,CDEB,SEN,N,USA,2.625,N,N,N,N,654376
38146FAA9,5000000,25/11/2008,15/06/2012,CDEB,SEN,N,USA,3.25,N,N,N,N,485602
38146FAB7,500000,01/12/2008,05/12/2011,CDEB,SEN,N,USA,1.0475,N,N,N,N,485726
38146FAC5,575000,02/12/2008,03/12/2010,CDEB,SEN,N,USA,0.79563,N,N,N,N,487091
38147MAA3,2500000,16/07/2013,19/07/2018,CMTN,SEN,N,USA,2.9,N,N,N,N,597005
38148FAA7,500000,20/10/2014,23/10/2019,CMTN,SEN,N,USA,3.27938,N,N,N,N,682520
38148FAB5,2500000,20/10/2014,23/10/2019,CMTN,SEN,N,USA,2.55,N,N,N,N,682544
38148LAD8,750000,19/05/2015,22/05/2017,CMTN,SEN,N,USA,,N,N,N,N,703018
38148LAF3,2000000,19/05/2015,22/05/2045,CDEB,SUB,N,USA,5.15,N,N,N,N,703014
38148TJT7,1201,28/12/2015,12/01/2023,CMTZ,SEN,N,USA,0,N,N,N,N,719868
38150AAB1,11500,14/06/2018,20/06/2019,CMTN,SEN,N,USA,2.65,N,N,N,N,764591
386088AB4,300000,14/08/1991,15/08/2011,CDEB,SEN,N,USA,9,N,N,N,N,11624
40054K4T0,1098,28/03/2016,11/04/2023,CMTZ,SEN,N,USA,0,N,N,N,N,727066
40054KB70,371,25/05/2016,28/05/2021,CMTZ,SEN,N,USA,0,N,N,N,N,651725
40054KDM5,496,27/06/2016,12/07/2023,CMTZ,SEN,N,USA,0,N,N,N,N,737058
40054KF50,765,26/07/2016,09/08/2023,CMTZ,SEN,N,USA,0,N,N,N,N,741690
40054KGN0,2779,26/08/2016,12/09/2023,CMTZ,SEN,N,USA,0,N,N,N,N,745092
40054KJG2,3950,27/09/2016,12/10/2023,CMTZ,SEN,N,USA,0,N,N,N,N,749048
40054KLC8,2542,26/10/2016,09/11/2023,CMTZ,SEN,N,USA,0,N,N,N,N,752016
40054KYZ3,2162,28/03/2017,12/04/2027,CMTZ,SEN,N,USA,0,N,N,N,N,675683
40054L5R1,4812,25/04/2017,09/05/2024,CMTZ,SEN,N,USA,0,N,N,N,N,681887
40054L6L3,3973,19/04/2017,03/05/2024,CMTZ,SEN,N,USA,0,N,N,N,N,682585
40054LBJ2,6051,25/05/2017,11/06/2024,CMTZ,SEN,N,USA,0,N,N,N,N,686849
40054LBK9,1811,25/05/2017,09/06/2027,CMTZ,SEN,N,USA,0,N,N,N,N,691983
40054LEX8,3732,27/06/2017,12/07/2024,CMTZ,SEN,N,USA,0,N,N,N,N,693155
40054LJ39,589,26/07/2017,09/08/2024,CMTZ,SEN,N,USA,0,N,N,N,N,697999
40054LJ47,2583,26/07/2017,09/08/2024,CMTZ,SEN,N,USA,0,N,N,N,N,701363
40054LJ54,1785,26/07/2017,09/08/2027,CMTZ,SEN,N,USA,0,N,N,N,N,698023
40054LJA3,2504,26/07/2017,09/08/2024,CMTZ,SEN,N,USA,0,N,N,N,N,697929
40054LLU6,687,11/08/2017,26/08/2024,CMTZ,SEN,N,USA,0,N,N,N,N,700911
40054LN34,2698,28/08/2017,12/09/2024,CMTZ,SEN,N,USA,0,N,N,N,N,703875
40054LN42,865,28/08/2017,12/09/2024,CMTZ,SEN,N,USA,0,N,N,N,N,703915
40054LN59,1424,28/08/2017,12/09/2024,CMTZ,SEN,N,USA,0,N,N,N,N,703907
40054LN67,2025,28/08/2017,14/09/2027,CMTZ,SEN,N,USA,0,N,N,N,N,703883
40054LR89,2911,26/09/2017,10/10/2024,CMTZ,SEN,N,USA,0,N,N,N,N,709481
40054LR97,1024,26/09/2017,10/10/2024,CMTZ,SEN,N,USA,0,N,N,N,N,709505
40054LRB2,2170,26/09/2017,12/10/2027,CMTZ,SEN,N,USA,0,N,N,N,N,709487
40054LRL0,939,25/09/2017,11/10/2022,CMTZ,SEN,N,USA,0,N,N,N,N,709503
40054LS21,2019,26/09/2017,01/10/2024,CMTZ,SEN,N,USA,0,N,N,N,N,712705
40054LV76,4245,26/10/2017,12/11/2024,CMTZ,SEN,N,USA,0,N,N,N,N,712861
40054LVA9,2912,26/10/2017,09/11/2027,CMTZ,SEN,N,USA,0,N,N,N,N,712895
40054LXT6,2308,26/10/2017,12/11/2024,CMTZ,SEN,N,USA,0,N,N,N,N,717337
40054LZR8,467,27/11/2017,12/12/2024,CMTZ,SEN,N,USA,0,N,N,N,N,721095
40054LZS6,4220,27/11/2017,12/12/2024,CMTZ,SEN,N,USA,0,N,N,N,N,720891
40054LZT4,3020,27/11/2017,12/12/2024,CMTZ,SEN,N,USA,0,N,N,N,N,721337
40054LZV9,4460,27/11/2017,13/12/2027,CMTZ,SEN,N,USA,0,N,N,N,N,721097
40055A2Z9,579,27/11/2017,12/12/2022,CMTZ,SEN,N,USA,0,N,N,N,N,722011
40055A4C8,1411,27/11/2017,12/12/2024,CMTZ,SEN,N,USA,0,N,N,N,N,722557
40055A4D6,2787,27/11/2017,13/12/2027,CMTZ,SEN,N,USA,0,N,N,N,N,722595
40055A5L7,1113,20/12/2017,07/01/2025,CMTZ,SEN,N,USA,0,N,N,N,N,723985
40055A5M5,374,20/12/2017,07/01/2025,CMTZ,SEN,N,USA,0,N,N,N,N,724141
40055A5T0,1798,08/12/2017,23/12/2024,CMTZ,SEN,N,USA,0,N,N,N,N,724343
40055A6F9,4962,21/12/2017,08/01/2025,CMTZ,SEN,N,USA,0,N,N,N,N,727369
40055A6G7,873,21/12/2017,08/01/2025,CMTZ,SEN,N,USA,0,N,N,N,N,727407
40055A6J1,2343,21/12/2017,04/01/2028,CMTZ,SEN,N,USA,0,N,N,N,N,727341
40055A7J0,492,20/12/2017,05/01/2023,CMTZ,SEN,N,USA,0,N,N,N,N,729747
40055AC62,745,26/01/2018,11/02/2025,CMTZ,SEN,N,USA,0,N,N,N,N,729677
40055AC70,3545,26/01/2018,11/02/2025,CMTZ,SEN,N,USA,0,N,N,N,N,729675
40055ACE5,543,12/01/2018,29/01/2025,CMTZ,SEN,N,USA,0,N,N,N,N,729681
40055AD20,521,25/01/2018,08/02/2023,CMTZ,SEN,N,USA,0,N,N,N,N,730231
40055ADD6,1319,26/01/2018,11/02/2025,CMTZ,SEN,N,USA,0,N,N,N,N,730481
40055ADF1,7488,26/01/2018,11/02/2025,CMTZ,SEN,N,USA,0,N,N,N,N,736399
40055ADG9,6784,26/01/2018,11/02/2028,CMTZ,SEN,N,USA,0,N,N,N,N,736349
40055ADK0,529,26/01/2018,11/02/2025,CMTZ,SEN,N,USA,0,N,N,N,N,736395
40055AES2,6643,24/01/2018,07/02/2025,CMTZ,SEN,N,USA,0,N,N,N,N,733117
40055AGK7,445,13/02/2018,28/02/2025,CMTZ,SEN,N,USA,0,N,N,N,N,735755
40055AGL5,1355,13/02/2018,28/02/2025,CMTZ,SEN,N,USA,0,N,N,N,N,735709
40055AHC4,218,23/02/2018,11/03/2025,CMTZ,SEN,N,USA,0,N,N,N,N,738537
40055AHD2,1930,23/02/2018,11/03/2025,CMTZ,SEN,N,USA,0,N,N,N,N,738431
40055AHH3,4687,23/02/2018,11/03/2025,CMTZ,SEN,N,USA,0,N,N,N,N,738627
40055AHK6,5159,23/02/2018,10/03/2028,CMTZ,SEN,N,USA,0,N,N,N,N,738441
40055AJN8,454,22/02/2018,08/03/2023,CMTZ,SEN,N,USA,0,N,N,N,N,739423
40055AKQ9,3427,23/02/2018,10/03/2028,CMTZ,SEN,N,USA,0,N,N,N,N,739787
40055AMP9,2310,16/02/2018,05/03/2025,CMTZ,SEN,N,USA,0,N,N,N,N,741091
40055AMX2,450,23/02/2018,10/03/2028,CMTZ,SEN,N,USA,0,N,N,N,N,741371
40055ANE3,2844,13/03/2018,27/03/2025,CMTZ,SEN,N,USA,0,N,N,N,N,741997
40055ANM5,905,13/03/2018,27/03/2025,CMTZ,SEN,N,USA,0,N,N,N,N,741947
40055APG6,1340,02/04/2018,17/04/2023,CMTZ,SEN,N,USA,0,N,N,N,N,744397
40055APL5,3367,26/03/2018,09/04/2025,CMTZ,SEN,N,USA,0,N,N,N,N,744961
40055APM3,1928,26/03/2018,09/04/2025,CMTZ,SEN,N,USA,0,N,N,N,N,744973
40055APN1,8030,26/03/2018,09/04/2025,CMTZ,SEN,N,USA,0,N,N,N,N,744983
40055APP6,3892,26/03/2018,09/04/2025,CMTZ,SEN,N,USA,0,N,N,N,N,745389
40055APR2,3626,26/03/2018,10/04/2028,CMTZ,SEN,N,USA,0,N,N,N,N,745091
40055APW1,628,26/03/2018,31/12/2020,CMTZ,SEN,N,USA,0,N,N,N,N,745425
40055AQK6,1151,26/03/2018,09/04/2025,CMTZ,SEN,N,USA,0,N,N,N,N,748277
40055AQP5,1991,26/03/2018,10/04/2028,CMTZ,SEN,N,USA,0,N,N,N,N,745835
40055ARW9,5182,26/03/2018,10/04/2028,CMTZ,SEN,N,USA,0,N,N,N,N,744719
40055ATJ6,876,12/04/2018,28/04/2025,CMTZ,SEN,N,USA,0,N,N,N,N,747651
40055ATK3,603,12/04/2018,28/04/2025,CMTZ,SEN,N,USA,0,N,N,N,N,747879
40055AU39,899,25/04/2018,09/05/2025,CMTZ,SEN,N,USA,0,N,N,N,N,747891
40055AU54,2190,25/04/2018,09/05/2028,CMTZ,SEN,N,USA,0,N,N,N,N,748003
40055AU88,1454,25/04/2018,09/05/2025,CMTZ,SEN,N,USA,0,N,N,N,N,748031
40055AUA3,5633,25/04/2018,09/05/2025,CMTZ,SEN,N,USA,0,N,N,N,N,747913
40055AUC9,2785,25/04/2018,09/05/2028,CMTZ,SEN,N,USA,0,N,N,N,N,748039
40055AUD7,3424,25/04/2018,09/05/2025,CMTZ,SEN,N,USA,0,N,N,N,N,748033
40055AUP0,105,25/04/2018,10/11/2025,CMTZ,SEN,N,USA,0,N,N,N,N,750569
40055AWC7,869,02/05/2018,16/05/2023,CMTZ,SEN,N,USA,0,N,N,N,N,751695
40055AWD5,2464,25/04/2018,09/05/2028,CMTZ,SEN,N,USA,0,N,N,N,N,751289
40055AYK7,11699,23/04/2018,07/05/2025,CMTZ,SEN,N,USA,0,N,N,N,N,752761
40055AYL5,12198,23/04/2018,07/05/2025,CMTZ,SEN,N,USA,0,N,N,N,N,752819
40055AYT8,1416,14/05/2018,29/05/2025,CMTZ,SEN,N,USA,0,N,N,N,N,754049
40055AYU5,1404,14/05/2018,29/05/2025,CMTZ,SEN,N,USA,0,N,N,N,N,753999
40055AYW1,534,14/05/2018,29/05/2025,CMTZ,SEN,N,USA,0,N,N,N,N,753957
40055AZP5,1256,14/05/2018,30/05/2028,CMTZ,SEN,N,USA,0,N,N,N,N,758075
40055Q2V3,6494,18/05/2018,28/05/2025,CMTZ,SEN,N,USA,0,N,N,N,N,758281
40055Q2W1,1396,14/05/2018,29/05/2025,CMTZ,SEN,N,USA,0,N,N,N,N,758091
40055Q3G5,1570,24/05/2018,10/06/2025,CMTZ,SEN,N,USA,0,N,N,N,N,759123
40055Q3J9,2420,24/05/2018,08/06/2028,CMTZ,SEN,N,USA,0,N,N,N,N,759141
40055Q3K6,1295,24/05/2018,10/06/2025,CMTZ,SEN,N,USA,0,N,N,N,N,759143
40055Q3L4,2357,24/05/2018,10/06/2025,CMTZ,SEN,N,USA,0,N,N,N,N,759225
40055Q3M2,376,24/05/2018,10/06/2025,CMTZ,SEN,N,USA,0,N,N,N,N,759125
40055Q3N0,2128,24/05/2018,08/06/2028,CMTZ,SEN,N,USA,0,N,N,N,N,759149
40055Q3P5,5710,24/05/2018,10/06/2025,CMTZ,SEN,N,USA,0,N,N,N,N,759133
40055Q3S9,5244,24/05/2018,08/06/2028,CMTZ,SEN,N,USA,0,N,N,N,N,759223
40055Q3V2,3107,24/05/2018,12/06/2028,CMTZ,SEN,N,USA,0,N,N,N,N,759151
40055QA28,2564,29/05/2018,12/06/2025,CMTZ,SEN,N,USA,0,N,N,N,N,758831
40055QAR3,668,12/06/2018,26/06/2025,CMTZ,SEN,N,USA,0,N,N,N,N,759427
40055QAS1,1079,12/06/2018,26/06/2025,CMTZ,SEN,N,USA,0,N,N,N,N,759663
40055QAU6,671,12/06/2018,26/06/2025,CMTZ,SEN,N,USA,0,N,N,N,N,759531
40055QAV4,478,12/06/2018,26/06/2025,CMTZ,SEN,N,USA,0,N,N,N,N,759893
40055QB84,3142,26/06/2018,11/07/2025,CMTZ,SEN,N,USA,0,N,N,N,N,760029
40055QB92,941,26/06/2018,11/07/2025,CMTZ,SEN,N,USA,0,N,N,N,N,760069
40055QBA9,2974,26/06/2018,11/07/2025,CMTZ,SEN,N,USA,0,N,N,N,N,760035
40055QBB7,4008,26/06/2018,11/07/2025,CMTZ,SEN,N,USA,0,N,N,N,N,760033
40055QBF8,7455,22/06/2018,01/07/2025,CMTZ,SEN,N,USA,0,N,N,N,N,760041
40055QBG6,3602,22/06/2018,03/07/2023,CMTZ,SEN,N,USA,0,N,N,N,N,760059
40055QC59,3000,31/05/2018,13/06/2028,CMTZ,SEN,N,USA,0,N,N,N,N,760515
40055QCH3,3862,26/06/2018,11/07/2028,CMTN,SEN,N,USA,0,N,N,N,N,763325
40055QCK6,1257,26/06/2018,11/07/2028,CMTZ,SEN,N,USA,0,N,N,N,N,763495
40055QCL4,308,26/06/2018,11/07/2025,CMTZ,SEN,N,USA,0,N,N,N,N,763511
40055QCU4,520,26/06/2018,11/07/2025,CMTZ,SEN,N,USA,0,N,N,N,N,763337
40055QD66,496,26/06/2018,11/07/2025,CMTZ,SEN,N,USA,0,N,N,N,N,763343
40055QDT6,2782,26/06/2018,11/07/2028,CMTZ,SEN,N,USA,0,N,N,N,N,763975
40055QDU3,780,26/06/2018,11/07/2028,CMTZ,SEN,N,USA,0,N,N,N,N,763361
40055QEU2,838,02/07/2018,18/07/2023,CMTZ,SEN,N,USA,0,N,N,N,N,762927
40055QGE6,1165,25/06/2018,27/06/2023,CMTN,SEN,N,USA,5,N,N,N,N,765269
40055QGX4,889,12/07/2018,28/07/2025,CMTZ,SEN,N,USA,0,N,N,N,N,765589
40055QGY2,1071,12/07/2018,28/07/2025,CMTZ,SEN,N,USA,0,N,N,N,N,765599
40055QKC5,2718,20/07/2018,23/08/2023,CMTZ,SEN,N,USA,0,N,N,N,N,768503
40055QKK7,2694,20/07/2018,25/08/2025,CMTZ,SEN,N,USA,0,N,N,N,N,768535
40055QKY7,3879,26/07/2018,11/08/2025,CMTZ,SEN,N,USA,0,N,N,N,N,769151
40055QL26,1654,26/07/2018,11/08/2025,CMTZ,SEN,N,USA,0,N,N,N,N,768471
40055QL75,982,26/07/2018,11/08/2025,CMTZ,SEN,N,USA,0,N,N,N,N,768853
40055QLD2,1088,26/07/2018,11/08/2025,CMTZ,SEN,N,USA,0,N,N,N,N,768601
40055QLE0,2777,26/07/2018,09/08/2028,CMTZ,SEN,N,USA,0,N,N,N,N,768865
40055QLG5,3414,26/07/2018,09/08/2028,CMTZ,SEN,N,USA,0,N,N,N,N,769527
40055QLH3,3292,26/07/2018,09/08/2028,CMTZ,SEN,N,USA,0,N,N,N,N,768219
40055QLJ9,613,26/07/2018,11/08/2025,CMTZ,SEN,N,USA,0,N,N,N,N,769241
40055QLK6,4290,26/07/2018,11/08/2025,CMTZ,SEN,N,USA,0,N,N,N,N,768489
40055QLN0,855,01/08/2018,15/08/2023,CMTZ,SEN,N,USA,0,N,N,N,N,768595
40055QMJ8,583,26/07/2018,11/08/2025,CMTZ,SEN,N,USA,0,N,N,N,N,769699
40055QNR9,721,13/08/2018,27/08/2025,CMTZ,SEN,N,USA,0,N,N,N,N,771321
40055QNT5,3490,13/08/2018,27/08/2025,CMTZ,SEN,N,USA,0,N,N,N,N,771317
40055QQ96,2634,24/08/2018,20/09/2023,CMTZ,SEN,N,USA,0,N,N,N,N,771743
40055QQB1,3123,24/08/2018,22/09/2025,CMTZ,SEN,N,USA,0,N,N,N,N,771769
40055QR79,919,28/08/2018,02/06/2023,CMTZ,SEN,N,USA,0,N,N,N,N,773913
40055QRM6,4464,28/08/2018,12/09/2025,CMTZ,SEN,N,USA,0,N,N,N,N,773903
40055QRN4,826,28/08/2018,12/09/2025,CMTZ,SEN,N,USA,0,N,N,N,N,773931
40055QRP9,2105,28/08/2018,12/09/2025,CMTZ,SEN,N,USA,0,N,N,N,N,773859
40055QRQ7,1480,28/08/2018,12/09/2025,CMTZ,SEN,N,USA,0,N,N,N,N,773909
40055QRS3,855,28/08/2018,12/09/2025,CMTZ,SEN,N,USA,0,N,N,N,N,773861
40055QRT1,2764,28/08/2018,12/09/2028,CMTZ,SEN,N,USA,0,N,N,N,N,773941
40055QRU8,1783,28/08/2018,12/09/2028,CMTZ,SEN,N,USA,0,N,N,N,N,773943
40055QRY0,634,28/08/2018,12/09/2025,CMTZ,SEN,N,USA,0,N,N,N,N,775055
40055QRZ7,1139,28/08/2018,12/09/2025,CMTZ,SEN,N,USA,0,N,N,N,N,774837
40055QS29,422,28/08/2018,12/09/2025,CMTZ,SEN,N,USA,0,N,N,N,N,775051
40055QS78,3144,28/08/2018,12/09/2028,CMTZ,SEN,N,USA,0,N,N,N,N,775057
40055QUP5,218,14/09/2018,30/09/2025,CMTZ,SEN,N,USA,0,N,N,N,N,777141
40055QUR1,613,14/09/2018,30/09/2025,CMTZ,SEN,N,USA,0,N,N,N,N,777033
40055QUU4,1443,25/09/2018,09/10/2025,CMTZ,SEN,N,USA,0,N,N,N,N,777037
40055QUW0,1584,25/09/2018,09/10/2025,CMTZ,SEN,N,USA,0,N,N,N,N,777143
40055QUY6,1370,25/09/2018,09/10/2025,CMTZ,SEN,N,USA,0,N,N,N,N,777163
40055QUZ3,246,25/09/2018,09/10/2025,CMTZ,SEN,N,USA,0,N,N,N,N,777439
40055QV33,2441,25/09/2018,09/10/2025,CMTZ,SEN,N,USA,0,N,N,N,N,777059
40055QV90,349,25/09/2018,09/10/2025,CMTZ,SEN,N,USA,0,N,N,N,N,781501
40055QVA7,116,25/09/2018,09/10/2025,CMTZ,SEN,N,USA,0,N,N,N,N,781503
40055QVC3,3497,25/09/2018,10/10/2028,CMTZ,SEN,N,USA,0,N,N,N,N,781505
40055QVH2,1258,25/09/2018,10/10/2028,CMTZ,SEN,N,USA,0,N,N,N,N,781511
40055QXP2,1754,21/09/2018,12/10/2023,CMTZ,SEN,N,USA,0,N,N,N,N,780721
40055QZX3,146,11/10/2018,27/10/2025,CMTZ,SEN,N,USA,0,N,N,N,N,782305
40055QZZ8,992,11/10/2018,27/10/2025,CMTZ,SEN,N,USA,0,N,N,N,N,782313
40056E4S4,1515,19/10/2018,14/11/2025,CMTZ,SEN,N,USA,0,N,N,N,N,786817
40056E4Y1,2958,26/10/2018,12/11/2025,CMTZ,SEN,N,USA,0,N,N,N,N,787171
40056E6B9,1,26/10/2018,13/11/2028,CMTZ,SEN,N,USA,0,N,N,N,N,
40056E6R4,1958,26/10/2018,12/11/2025,CMTZ,SEN,N,USA,0,N,N,N,N,784499
40056E6S2,1126,26/10/2018,12/11/2025,CMTZ,SEN,N,USA,0,N,N,N,N,788757
40056EA65,11605,17/10/2018,20/10/2021,CMTZ,SEN,N,USA,0,N,N,N,N,787481
40056EBK3,761,30/10/2018,13/11/2023,CMTZ,SEN,N,USA,0,N,N,N,N,787407
40056EBV9,657,30/10/2018,14/11/2025,CMTZ,SEN,N,USA,0,N,N,N,N,789025
40056ECS5,744,13/11/2018,28/11/2025,CMTZ,SEN,N,USA,0,N,N,N,N,788879
40056ECU0,231,13/11/2018,28/11/2025,CMTZ,SEN,N,USA,0,N,N,N,N,788895
40056EDD7,1186,27/11/2018,12/12/2025,CMTZ,SEN,N,USA,0,N,N,N,N,789111
40056EDE5,879,27/11/2018,12/12/2025,CMTZ,SEN,N,USA,0,N,N,N,N,794573
40056EDF2,315,27/11/2018,12/12/2025,CMTZ,SEN,N,USA,0,N,N,N,N,789127
40056EDG0,1501,27/11/2018,11/12/2028,CMTZ,SEN,N,USA,0,N,N,N,N,794561
40056EDH8,1546,27/11/2018,11/12/2028,CMTZ,SEN,N,USA,0,N,N,N,N,792527
40056EEX2,1329,27/11/2018,12/12/2025,CMTZ,SEN,N,USA,0,N,N,N,N,794589
40056EEZ7,493,27/11/2018,12/12/2025,CMTZ,SEN,N,USA,0,N,N,N,N,794591
40056EF29,480,27/11/2018,12/12/2025,CMTZ,SEN,N,USA,0,N,N,N,N,794661
40056EH84,1116,07/12/2018,23/12/2026,CMTZ,SEN,N,USA,0,N,N,N,N,793509
40056EH92,896,07/12/2018,23/12/2026,CMTZ,SEN,N,USA,0,N,N,N,N,793479
40056EHM3,356,10/12/2018,24/12/2025,CMTZ,SEN,N,USA,0,N,N,N,N,793813
40056EHV3,268,10/12/2018,24/12/2025,CMTZ,SEN,N,USA,0,N,N,N,N,794139
40056EJ41,297,21/12/2018,10/01/2029,CMTZ,SEN,N,USA,0,N,N,N,N,794407
40056EJ66,891,21/12/2018,08/01/2026,CMTZ,SEN,N,USA,0,N,N,N,N,794349
40056EJ74,1043,21/12/2018,08/01/2026,CMTZ,SEN,N,USA,0,N,N,N,N,794075
40056EJ82,287,21/12/2018,08/01/2026,CMTZ,SEN,N,USA,0,N,N,N,N,794387
40056EKV9,675,21/12/2018,10/01/2024,CMTZ,SEN,N,USA,0,N,N,N,N,798999
40056ELD8,449,21/12/2018,08/01/2026,CMTZ,SEN,N,USA,0,N,N,N,N,798915
40056ELK2,1363,21/12/2018,08/01/2026,CMTZ,SEN,N,USA,0,N,N,N,N,801193
40056ELR7,1211,21/12/2018,08/01/2026,CMTZ,SEN,N,USA,0,N,N,N,N,799023
40056ELS5,2793,21/12/2018,10/01/2029,CMTZ,SEN,N,USA,0,N,N,N,N,799019
40056EM39,520,04/12/2018,21/12/2026,CMTZ,SEN,N,USA,0,N,N,N,N,797155
40056ENQ7,327,11/01/2019,28/01/2026,CMTZ,SEN,N,USA,0,N,N,N,N,802783
40056ENU8,315,28/01/2019,11/02/2026,CMTZ,SEN,N,USA,0,N,N,N,N,804593
40056ENW4,116,28/01/2019,11/02/2026,CMTZ,SEN,N,USA,0,N,N,N,N,804613
40056ENZ7,214,28/01/2019,11/02/2026,CMTZ,SEN,N,USA,0,N,N,N,N,805137
40056EP93,106,28/01/2019,12/02/2029,CMTZ,SEN,N,USA,0,N,N,N,N,804605
40056EWM6,135,25/02/2019,11/03/2026,CMTZ,SEN,N,USA,0,N,N,N,N,809413
40056EZP6,737,26/03/2019,09/04/2026,CMTZ,SEN,N,USA,0,N,N,N,N,811515
40056EZX9,111,19/03/2019,02/04/2026,CMTZ,SEN,N,USA,0,N,N,N,N,811653
40056F2B0,966,26/03/2019,09/04/2026,CMTZ,SEN,N,USA,0,N,N,N,N,812357
40056F3J2,36862,27/03/2019,16/11/2020,CMTZ,SEN,N,USA,0,N,N,N,N,815547
40056F4J1,3325,21/03/2019,26/03/2020,CMTZ,,N,USA,0,N,N,N,N,814123
40056F5F8,1,25/04/2019,11/05/2026,CMTZ,SEN,N,USA,0,N,N,N,N,814711
40056F6Q3,4047,04/04/2019,09/11/2020,CMTZ,SEN,N,USA,0,N,N,N,N,818881
40056F7M1,2315,25/04/2019,11/05/2026,CMTZ,SEN,N,USA,0,N,N,N,N,817607
40056FA21,334,25/04/2019,11/05/2026,CMTZ,SEN,N,USA,0,N,N,N,N,817877
40056FC45,1200,22/04/2019,07/05/2029,CMTZ,SEN,N,USA,0,N,N,N,N,820045
40056FCM5,638,26/04/2019,10/05/2029,CMTZ,SEN,N,USA,0,N,N,N,N,821009
40056FDM4,1921,28/05/2019,11/06/2026,CMTZ,SEN,N,USA,0,N,N,N,N,823473
40056FGA7,17266,17/05/2019,21/01/2021,CMTZ,SEN,N,USA,0,N,N,N,N,827125
40056FJH9,3212,24/05/2019,27/11/2020,CMTZ,SEN,N,USA,0,N,N,N,N,827129
40056FJJ5,3212,24/05/2019,27/11/2020,CMTZ,SEN,N,USA,0,N,N,N,N,827473
40056FJX4,2467,07/06/2019,16/06/2021,CMTZ,SEN,N,USA,0,N,N,N,N,832139
40056FKS3,1733,25/06/2019,10/07/2029,CMTZ,SEN,N,USA,0,N,N,N,N,834537
40056FKY0,980,25/06/2019,09/07/2026,CMTZ,SEN,N,USA,0,N,N,N,N,830805
402479BT5,60000,14/07/2003,15/07/2013,CDEB,SEN,N,USA,4.35,N,N,N,N,168084
404280AE9,222042,28/07/2005,27/11/2032,CDEB,SUB,Y,GBR,7.35,N,N,N,N,305482
404280AF6,483613,28/07/2005,17/05/2032,CDEB,SUB,Y,GBR,7.625,N,N,N,N,305491
404280AH2,750000,05/09/2007,15/09/2037,CDEB,SUB,Y,GBR,6.5,N,N,N,N,414188
404280AL3,900000,14/11/2011,14/01/2022,CDEB,SEN,Y,GBR,4.875,N,N,N,N,565163
404280AM1,750000,14/11/2011,14/01/2042,CDEB,SEN,Y,GBR,6.1,N,N,N,N,565171
404280AN9,2000000,27/03/2012,30/03/2022,CDEB,SEN,Y,GBR,4,N,N,N,N,572919
404280AP4,2000000,05/03/2014,14/03/2024,CDEB,SUB,Y,GBR,4.25,N,N,N,N,608147
404280AQ2,1500000,05/03/2014,14/03/2044,CDEB,SUB,Y,GBR,5.25,N,N,N,N,608145
404280AU3,1500000,10/08/2015,18/08/2025,CDEB,SUB,Y,GBR,4.25,N,N,N,N,637827
404280BH1,1500000,16/11/2016,23/11/2026,CDEB,SUB,Y,GBR,4.375,N,N,N,N,665669
404280BJ7,2500000,06/03/2017,13/03/2023,CDEB,SEN,Y,GBR,3.262,N,N,N,N,675827
404280BK4,2500000,06/03/2017,13/03/2028,CDEB,SEN,Y,GBR,4.041,N,N,N,N,675831
40428HPB2,750000,20/09/2010,27/09/2020,CDEB,SUB,N,USA,5,N,N,N,N,531627
40428HPQ9,1250000,26/02/2015,05/03/2018,CDEB,SEN,N,USA,1.7,N,N,N,N,627253
40429CFN7,2500000,11/01/2006,19/01/2016,CDEB,SEN,N,USA,5.5,N,N,N,N,320624
40429CGD8,2923214,16/09/2011,15/01/2021,CDEB,SENS,N,USA,6.676,N,N,N,N,561849
4042K1JY0,4490,14/06/2011,30/06/2023,CMTN,SEN,N,USA,4.5,N,N,N,N,560344
4042K1QP1,1020,17/10/2011,01/11/2023,CMTN,SEN,N,USA,4.25,N,N,N,N,573762
40432X7F2,5000,08/01/2013,24/07/2025,CMTN,SEN,N,USA,3.25,N,N,N,N,618840
41013NKB3,166,24/01/2005,15/01/2011,RNT,SEN,N,USA,4,N,N,N,N,200331
41013NKR8,175,07/02/2005,15/02/2012,RNT,SEN,N,USA,4,N,N,N,N,200972
41013NSM1,2399,20/06/2005,15/06/2010,RNT,SEN,N,USA,3.51,N,N,N,N,290083
41659FCE2,374,14/03/2005,15/03/2015,RNT,SEN,N,USA,2.26,N,N,N,N,277788
4165X0HB9,618,13/08/2007,15/08/2014,RNT,SEN,N,USA,5.5,N,N,N,N,409893
4165X0KL3,1848,17/12/2007,15/12/2012,RNT,SEN,N,USA,4.75,N,N,N,N,425388
4165X0LS7,409,19/02/2008,15/02/2016,RNT,SEN,N,USA,4.5,N,N,N,N,431522
4165X0LW8,1473,25/02/2008,15/02/2017,RNT,SEN,N,USA,5,N,N,N,N,432167
428236AW3,275000,23/02/2009,24/02/2011,CDEB,SEN,N,USA,2.03438,N,N,N,N,490971
42824CAV1,250000,23/11/2016,05/10/2018,CDEB,SEN,N,USA,4.26725,N,N,N,N,665767
428656AB8,100000,21/07/2004,01/05/2014,CDEB,SUB,N,USA,5.35,N,N,N,N,193276
437076BJ0,500000,08/09/2015,15/09/2017,CDEB,SEN,N,USA,1.61556,N,N,N,N,639577
438516BK1,250000,24/10/2016,30/10/2019,CDEB,SEN,N,USA,2.54658,N,N,N,N,663731
44181ED21,3368,02/02/2004,15/02/2011,RNT,SEN,N,USA,4.2,N,N,N,N,178863
44181EU71,5000,08/11/2004,10/11/2011,RNT,SEN,N,USA,5.2,N,N,N,N,196600
446150AJ3,1000000,09/03/2016,14/03/2021,CDEB,SEN,N,USA,3.15,N,N,N,N,648895
44643TAA5,200000,10/06/1998,15/06/2018,CDEB,SUB,N,USA,6.6,N,N,N,N,76135
44932HAD5,600000,05/09/2017,06/09/2019,CDEB,SEN,N,USA,2.62438,N,N,N,N,708877
455665AJ8,197839,09/11/1994,15/12/2010,CDEB,SS,N,USA,9.26,N,N,N,N,12958
455665AK5,268403,09/11/1994,15/12/2020,CDEB,SS,N,USA,9.77,N,N,N,N,12959
456866AL6,150000,05/06/1995,01/06/2025,CDEB,SEN,N,USA,7.2,N,N,N,N,26141
45818WBB1,100000,13/03/2015,13/03/2020,USBN,SEN,N,USA,2.39575,N,N,N,N,737950
45974WAB2,2228,05/05/2008,15/05/2011,RNT,SEN,N,USA,4.95,N,N,N,N,465292
46625HCA6,850000,07/12/2004,15/01/2012,CDEB,SEN,N,USA,4.5,N,N,N,N,198821
46625HGT1,1250000,24/09/2007,01/10/2012,CDEB,SEN,N,USA,5.375,N,N,N,N,416453
46625HHW3,1750000,10/11/2010,15/01/2016,CDEB,SEN,N,USA,2.6,N,N,N,N,535819
46625HJL5,2000000,08/05/2013,15/05/2018,CDEB,SEN,N,USA,1.625,N,N,N,N,593339
46625HQV5,400000,18/03/2016,22/03/2019,CDEB,SEN,N,USA,3.66375,N,N,N,N,649155
46625HRS1,1750000,31/05/2016,15/06/2026,CDEB,SEN,N,USA,3.2,N,N,N,N,653997
46625HRT9,1500000,31/05/2016,07/06/2021,CDEB,SEN,N,USA,2.4,N,N,N,N,653999
46647MRA3,83230,15/03/2018,17/03/2023,CMTZ,SEN,N,USA,0,N,N,N,N,746675
471109AB4,550000,07/02/2007,01/05/2017,CDEB,SENS,N,USA,7.5,N,N,N,N,382772
471109AM0,690000,17/03/2015,15/03/2034,CCOV,SENS,N,USA,1.125,N,N,N,N,627637
48123LE91,3942,13/02/2009,02/03/2011,CMTZ,SEN,N,USA,0,N,N,N,N,491020
48124A3C9,65000,18/11/2010,21/11/2014,CMTZ,SEN,N,USA,0,N,N,N,N,540016
48124A6A0,30000,20/12/2010,24/12/2014,CMTZ,SEN,N,USA,0,N,N,N,N,542718
48124A7H4,60000,06/01/2011,09/01/2015,CMTZ,SEN,N,USA,0,N,N,N,N,543876
48124A7J0,1494,04/02/2011,07/02/2013,CMTZ,SEN,N,USA,0,N,N,N,N,546430
48124ALN5,906,27/04/2010,31/10/2011,CMTZ,SEN,N,USA,0,N,N,N,N,521632
48124AMN4,7815,20/04/2010,23/05/2011,CMTZ,SEN,N,USA,0,N,N,N,N,520332
48124AWK9,20000,21/07/2010,25/07/2013,CMTZ,SEN,N,USA,0,N,N,N,N,528530
48124AX36,30000,05/11/2010,08/11/2013,CMTZ,SEN,N,USA,0,N,N,N,N,538842
48124AZZ3,585,09/09/2010,14/03/2012,CMTZ,SEN,N,USA,0,N,N,N,N,532962
48125LRH7,1000000,20/09/2016,21/09/2018,USBN,SEN,N,USA,,N,N,N,N,751420
48125UUE0,8540,14/08/2015,19/08/2025,CMTN,SEN,N,USA,3.25,N,N,N,N,709556
48125XMZ6,14245,25/04/2011,28/04/2021,CMTN,SEN,N,USA,3.11663,N,N,N,N,556036
48126BAA1,1250000,15/12/2011,06/01/2042,CDEB,SEN,N,USA,5.4,N,N,N,N,566767
48129MBS4,7474,27/03/2018,01/04/2025,CMTZ,SEN,N,USA,0,N,N,N,N,747725
48129MKJ4,1560,25/04/2018,30/04/2025,CMTZ,SEN,N,USA,0,N,N,N,N,751707
48129MKK1,448,25/04/2018,30/04/2025,CMTZ,SEN,N,USA,0,N,N,N,N,751071
48129MPK6,2153,29/05/2018,30/05/2025,CMTZ,SEN,N,USA,0,N,N,N,N,759685
48130U2P9,779,31/10/2018,31/10/2023,CMTZ,SEN,N,USA,0,N,N,N,N,785615
48130U5P6,500,08/10/2018,12/10/2023,CMTZ,SEN,N,USA,0,N,N,N,N,785037
48130UAC9,706,31/08/2018,31/08/2023,CMTZ,SEN,N,USA,0,N,N,N,N,774253
48130UAD7,2532,28/08/2018,29/08/2025,CMTZ,SEN,N,USA,0,N,N,N,N,773985
48130UAE5,3856,28/08/2018,29/08/2025,CMTZ,SEN,N,USA,0,N,N,N,N,773921
48130UHC2,703,28/09/2018,29/09/2023,CMTZ,SEN,N,USA,0,N,N,N,N,780313
48130UU60,602,30/11/2018,30/11/2023,CMTZ,SEN,N,USA,0,N,N,N,N,796785
48130UU86,1671,27/11/2018,28/11/2025,CMTZ,SEN,N,USA,0,N,N,N,N,794697
48130UU94,1007,27/11/2018,28/11/2025,CMTZ,SEN,N,USA,0,N,N,N,N,794687
48130W5D9,195,13/03/2019,18/03/2026,CMTZ,SEN,N,USA,0,N,N,N,N,811217
48130WEW7,388,27/12/2018,02/01/2024,CMTZ,SEN,N,USA,0,N,N,N,N,797327
48130WNG2,1408,28/01/2019,30/01/2026,CMTZ,SEN,N,USA,0,N,N,N,N,801745
48130WNH0,679,28/01/2019,30/01/2026,CMTZ,SEN,N,USA,0,N,N,N,N,801767
48130WXZ9,465,28/02/2019,29/02/2024,CMTZ,SEN,N,USA,0,N,N,N,N,811123
48132CGP2,577,28/05/2019,29/05/2026,CMTZ,SEN,N,USA,0,N,N,N,N,821671
50075NAT1,1000000,05/12/2007,01/02/2038,CDEB,SEN,N,USA,6.875,N,N,N,N,424460
50075NAU8,2000000,05/12/2007,01/02/2018,CDEB,SEN,N,USA,6.125,N,N,N,N,424461
50075NAV6,1250000,19/05/2008,23/08/2018,CDEB,SEN,N,USA,6.125,N,N,N,N,467687
50075NAW4,750000,19/05/2008,26/01/2039,CDEB,SEN,N,USA,6.875,N,N,N,N,467688
50075NAX2,500000,16/12/2008,19/02/2014,CDEB,SEN,N,USA,6.75,N,N,N,N,487290
50075NAY0,1000000,04/02/2010,08/05/2013,CDEB,SEN,N,USA,2.625,N,N,N,N,514699
50075NAZ7,3000000,04/02/2010,09/02/2040,CDEB,SEN,N,USA,6.5,N,N,N,N,514711
50075NBA1,3750000,04/02/2010,10/02/2020,CDEB,SEN,N,USA,5.375,N,N,N,N,514705
50075NBB9,1750000,04/02/2010,09/02/2016,CDEB,SEN,N,USA,4.125,N,N,N,N,514703
50075NBC7,800000,05/01/2012,10/07/2013,CDEB,SEN,N,USA,1.3326,N,N,N,N,568589
50076QAE6,1973700,07/12/2012,04/06/2042,CDEB,SEN,N,USA,5,N,N,N,N,587733
50076QAN6,787481,07/12/2012,09/02/2040,CDEB,SEN,N,USA,6.5,N,N,N,N,587731
50076QAR7,877860,07/12/2012,26/01/2039,CDEB,SEN,N,USA,6.875,N,N,N,N,587729
50076QAU0,899309,07/12/2012,10/02/2020,CDEB,SEN,N,USA,5.375,N,N,N,N,587725
50076QAX4,1033727,07/12/2012,23/08/2018,CDEB,SEN,N,USA,6.125,N,N,N,N,587723
50076QAY2,999140,07/12/2012,05/06/2017,CDEB,SEN,N,USA,2.25,N,N,N,N,587721
50076QAZ9,1997620,07/12/2012,06/06/2022,CDEB,SEN,N,USA,3.5,N,N,N,N,587727
50077LAQ9,500000,07/08/2017,10/08/2022,CDEB,SEN,N,USA,3.001,N,N,N,N,704461
501044CV1,500000,16/12/2013,17/10/2016,CDEB,SEN,N,USA,1.2091,N,N,N,N,650412
505588AV5,25000,16/11/1995,15/11/2010,CDEB,SS,N,USA,6.5,N,N,N,N,32336
527288BD5,500000,20/09/2007,15/09/2015,CDEB,SEN,N,USA,8.125,N,N,N,N,416011
530610AC8,850000,10/04/2014,30/03/2043,CCOV,SEN,N,USA,0.75,N,N,N,N,610017
539439AM1,1327685,04/11/2016,10/12/2025,CDEB,SUB,Y,GBR,4.582,N,N,N,N,665445
539439AN9,824033,04/11/2016,01/12/2045,CDEB,SUB,Y,GBR,5.3,N,N,N,N,665447
539439AT6,1250000,09/08/2018,16/08/2028,CDEB,SEN,Y,GBR,4.55,N,N,N,N,775355
53944VAA7,1000000,20/11/2013,27/11/2018,CDEB,SEN,Y,GBR,2.3,N,N,N,N,602885
53944VAG4,1250000,11/05/2015,14/05/2018,CDEB,SEN,Y,GBR,1.75,N,N,N,N,631677
53944XCQ6,1030,02/07/2012,06/07/2022,RNT,SEN,Y,GBR,4.1,N,N,N,N,599850
53944YAH6,1000000,05/03/2019,12/03/2024,CDEB,SEN,Y,GBR,3.9,N,N,N,N,811375
539473AG3,2250000,13/01/2011,21/01/2016,CDEB,SEN,Y,GBR,4.875,N,N,N,N,539509
539473AH1,2500000,13/01/2011,21/01/2021,CDEB,SEN,Y,GBR,6.375,N,N,N,N,539511
539473AQ1,1500000,21/03/2012,28/03/2017,CDEB,SEN,Y,GBR,4.2,N,N,N,N,572761
5394E8AF6,8500,22/07/2011,27/07/2018,CMTN,SEN,Y,GBR,3.36561,N,N,N,N,564534
5394E8BB4,10000,18/07/2012,23/07/2022,CMTN,SEN,Y,GBR,4.5,N,N,N,N,602210
5394E8CM9,7000,21/11/2014,26/11/2024,CMTN,SEN,Y,GBR,,N,N,N,N,620529
5525V0AS5,25000,09/03/2005,28/03/2017,USBN,SEN,N,USA,5.52,N,N,N,N,387875
55279HAD2,500000,27/01/2014,30/01/2017,USBN,SEN,N,USA,1.25,N,N,N,N,606923
571900BA6,300000,06/03/2019,08/03/2021,CDEB,SEN,N,USA,3.103,N,N,N,N,812165
577778AS2,125000,12/02/1991,15/02/2021,CDEB,SEN,N,USA,9.75,N,N,N,N,14888
577778AT0,150000,08/04/1991,15/04/2021,CDEB,SEN,N,USA,9.5,N,N,N,N,14889
585055BJ4,495000,04/08/2015,15/03/2020,CDEB,SEN,N,USA,3.21025,N,N,N,N,637783
59018YD81,3000,29/05/2007,31/05/2022,CMTN,SEN,N,USA,9,N,N,N,N,400171
59018YKN0,14000,10/08/2001,15/08/2011,CMTN,SEN,N,USA,0.7552,N,N,N,N,127831
59022CCT8,400000,25/04/2007,02/05/2017,CDEB,SUB,N,USA,1.58456,N,N,N,N,395427
59156RAV0,500000,30/06/2009,01/08/2069,CDEB,JUNS,N,USA,10.75,N,N,N,N,498683
59156RBK3,500000,30/09/2014,15/12/2017,CDEB,SEN,N,USA,1.903,N,N,N,N,617951
59156RBL1,499924,30/09/2014,15/12/2044,CDEB,SEN,N,USA,4.721,N,N,N,N,617953
597433AD3,300000,06/03/1996,15/03/2011,CDEB,SUB,Y,GBR,6.95,N,N,N,N,37447
609207AC9,400000,09/01/2014,01/02/2019,CDEB,SEN,N,USA,3.061,N,N,N,N,605717
6174462T5,1000000,30/10/2007,02/11/2012,CMTN,SEN,N,USA,5.25,N,N,N,N,420260
6174467N3,1250000,21/07/2010,24/07/2015,CMTN,SEN,N,USA,4,N,N,N,N,527373
61745E5K3,6000,23/02/2011,28/02/2016,CMTN,SEN,N,USA,4,N,N,N,N,548144
61746BDF0,2500,20/02/2013,25/02/2015,CMTZ,SEN,N,USA,0,N,N,N,N,622980
61746BEB8,1000000,18/04/2016,21/04/2021,CMTN,SEN,N,USA,3.67763,N,N,N,N,650981
61746BED4,3250000,14/11/2016,17/11/2021,CMTN,SEN,N,USA,2.625,N,N,N,N,665571
61746SBQ1,1500000,18/10/2005,15/10/2015,CDEB,SEN,N,USA,0.7333,N,N,N,N,308914
61746SBS7,2000000,18/10/2005,21/01/2011,CDEB,SEN,N,USA,5.05,N,N,N,N,308899
61747YCF0,2000000,08/05/2009,13/05/2014,CMTN,SEN,N,USA,6,N,N,N,N,495819
61747YDW2,2500000,22/01/2015,27/01/2020,CMTN,SEN,N,USA,2.65,N,N,N,N,690426
61747YDX0,500000,22/01/2015,27/01/2020,CMTN,SEN,N,USA,3.40663,N,N,N,N,690434
617480124,2430,23/04/2008,07/05/2010,CMTZ,SEN,N,USA,0,N,N,N,N,465098
617482D92,655,14/11/2011,17/11/2026,CMTN,SEN,N,USA,,N,N,N,N,576820
617482TN4,6000,26/04/2011,29/04/2031,CMTN,SEN,N,USA,8,N,N,N,N,556516
617482X25,7640,28/08/2012,31/08/2027,CMTN,SEN,N,USA,,N,N,N,N,603648
617482X41,8156,29/08/2012,31/08/2032,CMTN,SEN,N,USA,,N,N,N,N,604206
617482YR9,1750,11/10/2011,14/10/2026,CMTN,SEN,N,USA,8,N,N,N,N,573132
617483557,1996,20/02/2009,20/03/2010,PS,SEN,N,USA,10,N,N,N,N,491151
61757UAA8,2250000,26/11/2008,01/12/2010,CDEB,SEN,N,USA,2.9,N,N,N,N,485628
61757UAB6,2500000,26/11/2008,01/12/2011,CDEB,SEN,N,USA,3.25,N,N,N,N,485631
61757UAC4,500000,26/11/2008,01/12/2011,CDEB,SEN,N,USA,1.17556,N,N,N,N,485635
61757UAE0,475000,01/12/2008,04/03/2011,CDEB,SEN,N,USA,0.87844,N,N,N,N,485712
61757UAF7,2000000,17/12/2008,22/09/2011,CDEB,SEN,N,USA,2,N,N,N,N,487373
61757UAG5,500000,17/12/2008,22/09/2011,CDEB,SEN,N,USA,0.5965,N,N,N,N,487372
61757UAH3,3000000,14/01/2009,20/06/2012,CDEB,SEN,N,USA,1.95,N,N,N,N,488969
61757UAJ9,1400000,14/01/2009,20/06/2012,CDEB,SEN,N,USA,0.82365,N,N,N,N,488970
61757UAK6,250000,14/01/2009,20/06/2012,CDEB,SEN,N,USA,0.70975,N,N,N,N,488972
61757UAL4,3000000,06/02/2009,10/02/2012,CDEB,SEN,N,USA,0.72417,N,N,N,N,490441
61760QKR4,8500,12/09/2017,15/09/2027,CMTN,SEN,N,USA,3.75,N,N,N,N,706657
61761JAM1,1000,21/12/2012,27/12/2032,CMTN,SEN,N,USA,,N,N,N,N,615864
61761JBB4,5549,28/01/2013,31/01/2033,CMTN,SEN,N,USA,,N,N,N,N,617870
61761JBC2,4279,28/01/2013,31/01/2033,CMTN,SEN,N,USA,,N,N,N,N,617796
61761JBK4,7602,25/01/2013,28/01/2033,CMTN,SEN,N,USA,,N,N,N,N,619820
61768C3L9,500,26/06/2018,01/07/2025,CMTZ,SEN,N,USA,0,N,N,N,N,763909
61768C6U6,2402,26/07/2018,29/01/2026,CMTZ,SEN,N,USA,0,N,N,N,N,768603
61768CH91,776,26/03/2018,01/10/2025,CMTZ,SEN,N,USA,0,N,N,N,N,743995
61768CPE1,2000,11/08/2017,14/08/2020,CMTZ,SEN,N,USA,0,N,N,N,N,705095
61768CPJ0,1100,23/08/2017,28/08/2024,CMTZ,SEN,N,USA,0,N,N,N,N,706019
61768CQ34,500,25/04/2018,30/04/2025,CMTZ,SEN,N,USA,0,N,N,N,N,750883
61768CQ42,500,30/04/2018,04/05/2023,CMTZ,SEN,N,USA,0,N,N,N,N,750889
61768CTF4,1970,27/11/2017,30/05/2025,CMTZ,SEN,N,USA,0,N,N,N,N,721447
61768CVH7,875,21/12/2017,26/06/2025,CMTZ,SEN,N,USA,0,N,N,N,N,730025
61768CX69,500,24/05/2018,30/05/2025,CMTZ,SEN,N,USA,0,N,N,N,N,756293
61768CXP7,2182,26/01/2018,31/07/2025,CMTZ,SEN,N,USA,0,N,N,N,N,732443
61768CZ91,960,24/05/2018,28/11/2025,CMTZ,SEN,N,USA,0,N,N,N,N,758259
61768CZX8,1095,23/02/2018,28/08/2025,CMTZ,SEN,N,USA,0,N,N,N,N,739353
61768D2E4,250,29/03/2019,04/04/2024,CMTZ,SEN,N,USA,0,N,N,N,N,812413
61768D7N9,250,28/05/2019,02/06/2026,CMTZ,SEN,N,USA,0,N,N,N,N,824409
61768DAY1,621,28/08/2018,03/09/2025,CMTZ,SEN,N,USA,0,N,N,N,N,774319
61768DBB0,500,28/08/2018,03/09/2025,CMTZ,SEN,N,USA,0,N,N,N,N,775141
61768DDJ1,500,25/09/2018,30/09/2025,CMTZ,SEN,N,USA,0,N,N,N,N,780343
61768DEA9,2185,25/09/2018,30/03/2026,CMTZ,SEN,N,USA,0,N,N,N,N,779465
61768DGQ2,1922,26/10/2018,30/04/2026,CMTZ,SEN,N,USA,0,N,N,N,N,785627
61768DKJ3,500,27/11/2018,01/06/2026,CMTZ,SEN,N,USA,0,N,N,N,N,794703
61768DQU2,659,27/11/2018,01/06/2026,CMTZ,SEN,N,USA,0,N,N,N,N,791355
61768DU94,1000,26/03/2019,31/03/2026,CMTZ,SEN,N,USA,0,N,N,N,N,811641
61768DV28,250,26/03/2019,31/03/2026,CMTZ,SEN,N,USA,0,N,N,N,N,811313
61768DV36,250,26/03/2019,31/03/2026,CMTZ,SEN,N,USA,0,N,N,N,N,811215
61769HDP7,250,28/06/2019,30/06/2026,CMTZ,SEN,N,USA,0,N,N,N,N,830849
61769HDQ5,250,25/06/2019,30/06/2026,CMTZ,SEN,N,USA,0,N,N,N,N,830907
61769HDR3,250,28/06/2019,03/07/2024,CMTZ,SEN,N,USA,0,N,N,N,N,830855
629491AA9,750000,21/05/2008,28/06/2013,CDEB,SEN,N,USA,4.8,N,N,N,N,467965
631103AH1,500000,19/09/2017,22/03/2019,CDEB,SEN,N,USA,3.21375,N,N,N,N,711235
637432CU7,1500000,28/02/2002,01/03/2012,CMTN,SEN,N,USA,7.25,N,N,N,N,138337
63743FVY9,831,30/03/2015,15/04/2026,RNT,SEN,N,USA,3,N,N,N,N,696624
63743FXH4,1532,31/08/2015,15/09/2027,RNT,SEN,N,USA,3.5,N,N,N,N,711540
652478AH1,500000,28/01/1993,01/02/2013,CDEB,SEN,N,USA,9.25,N,N,N,N,16414
652478AL2,250000,19/04/1993,26/04/2023,CDEB,SEN,N,USA,8.875,N,N,N,N,16417
652478AQ1,250000,03/08/1993,10/08/2018,CDEB,SEN,N,USA,8.25,N,N,N,N,16420
652478AU2,90000,28/01/1994,01/02/2024,CDEB,SEN,N,USA,7.75,N,N,N,N,16422
652478AY4,200000,05/10/1995,11/10/2015,CDEB,SEN,N,USA,7.6,N,N,N,N,31193
652478AZ1,250000,25/10/1995,30/10/2025,CDEB,SEN,N,USA,7.7,N,N,N,N,31641
652478BX5,400000,11/10/1996,17/10/2016,CDEB,SEN,N,USA,8,N,N,N,N,44810
652478BY3,300000,11/10/1996,17/10/2036,CDEB,SEN,N,USA,8.15,N,N,N,N,44811
652478BZ0,100000,11/10/1996,17/10/2096,CDEB,SEN,N,USA,8.25,N,N,N,N,44812
652482AJ9,200000,10/07/1998,30/04/2028,CDEB,SEN,N,USA,7.3,N,N,N,N,100872
652482AM2,350000,30/07/1998,18/05/2018,CDEB,SEN,N,USA,7.25,N,N,N,N,100795
652482AT7,200000,10/07/1998,08/04/2028,CDEB,SEN,N,USA,7.125,N,N,N,N,99272
652482AU4,200000,30/07/1998,30/06/2028,CDEB,SEN,N,USA,7.28,N,N,N,N,100873
652482AX8,200000,26/03/1999,30/11/2028,CDEB,SEN,N,USA,7.625,N,N,N,N,100877
652482BC3,350000,19/08/2003,15/03/2033,CDEB,SEN,N,USA,6.55,N,N,N,N,176515
652482BD1,150000,19/08/2003,15/03/2010,CDEB,SEN,N,USA,4.75,N,N,N,N,173296
652482BJ8,1000000,22/02/2005,15/12/2034,CDEB,SEN,N,USA,6.2,N,N,N,N,281048
65339KAB6,600000,04/05/2015,01/06/2017,CDEB,SEN,N,USA,1.586,N,N,N,N,631409
65339KAC4,350000,16/05/2012,01/06/2014,CDEB,SEN,N,USA,1.611,N,N,N,N,576003
65339KAH3,402434,06/08/2013,01/09/2015,CDEB,SEN,N,USA,1.339,N,N,N,N,638942
65339KAJ9,500000,25/08/2016,01/09/2018,CDEB,SEN,N,USA,1.649,N,N,N,N,660309
65339KBC3,400000,22/02/2019,25/02/2022,CDEB,SEN,N,USA,3.24063,N,N,N,N,808549
6656P5AA2,1500000,19/06/2007,22/06/2017,CMTN,SEN,Y,GBR,5.625,N,N,N,N,402136
665772BN8,250000,28/06/1995,01/07/2025,CDEB,SS,N,USA,7.125,N,N,N,N,26980
665772BU2,1,28/06/1995,01/07/2025,UCID,SS,N,USA,7.125,N,N,N,N,165677
665772CP2,350000,23/05/2016,15/05/2046,CDEB,SS,N,USA,3.6,N,N,N,N,653815
670008AD3,700000,10/05/2012,15/05/2041,CCOV,SEN,N,USA,2.625,N,N,N,N,575979
670768AA8,450000,19/03/1990,01/05/2010,CDEB,SEN,N,USA,9.55,N,N,N,N,16936
674599CT0,500000,06/08/2019,08/02/2021,CDEB,SEN,N,USA,11.687,N,N,N,N,843393
677050AB2,224700,14/01/1998,30/06/2011,CDEB,SS,N,USA,6.974,N,N,N,N,205085
681904AN8,500000,01/12/2010,15/12/2025,CCOV,SENS,N,USA,3.75,N,N,N,N,536341
681904AQ1,424250,22/08/2013,15/02/2044,CCOV,SENS,N,USA,3.5,N,N,N,N,598579
686286AC9,400000,21/06/2001,01/05/2010,CDEB,SEN,N,USA,12,N,N,N,N,127222
690768BF2,250000,14/05/1998,15/05/2018,CDEB,SEN,N,USA,7.8,N,N,N,N,74961
693476BD4,250000,25/09/2007,28/09/2012,CDEB,SEN,N,USA,5.5,N,N,N,N,416429
693476BF9,600000,04/06/2009,10/06/2019,CDEB,SEN,N,USA,6.7,N,N,N,N,497052
69349LAL2,525000,24/04/2013,29/04/2016,USBN,SEN,N,USA,0.599,N,N,N,N,592301
69351CAA1,500000,17/12/2008,22/06/2011,CDEB,SEN,N,USA,1.875,N,N,N,N,487377
69351CAB9,400000,17/12/2008,22/06/2011,CDEB,SEN,N,USA,0.589,N,N,N,N,487375
69351CAC7,2000000,17/12/2008,22/06/2012,CDEB,SEN,N,USA,2.3,N,N,N,N,487376
69351CAD5,1000000,30/03/2009,01/04/2012,CDEB,SEN,N,USA,0.781,N,N,N,N,493024
69352BAC8,338000,02/01/2001,02/07/2020,CDEB,SEN,N,USA,8.903,N,N,N,N,334884
69353RCG1,1000000,23/01/2014,27/01/2017,USBN,SEN,N,USA,1.125,N,N,N,N,605947
69353RDY1,500000,15/09/2014,18/10/2017,USBN,SEN,N,USA,1.5,N,N,N,N,679090
69371RL79,250000,03/12/2013,06/12/2018,CMTN,SEN,N,USA,2.92275,N,N,N,N,649100
694308GR2,500000,08/06/2009,10/06/2010,CDEB,SEN,N,USA,1.20425,N,N,N,N,497735
694308HU4,492500,13/04/2018,28/11/2018,CDEB,SEN,N,USA,2.54138,N,N,N,N,756905
706451BD2,354477,13/01/2006,15/09/2027,CDEB,SEN,N,USA,9.5,N,N,N,N,435459
713448BG2,1000000,29/11/2007,15/02/2013,CDEB,SEN,N,USA,4.65,N,N,N,N,423825
713448CF3,625000,25/02/2013,26/02/2016,CDEB,SEN,N,USA,0.6167,N,N,N,N,589509
713448CU0,250000,27/04/2015,30/04/2018,CDEB,SEN,N,USA,,N,N,N,N,629853
713448DW5,1500000,05/10/2017,15/10/2018,CDEB,SEN,N,USA,2.33919,N,N,N,N,715467
718172AA7,2500000,13/05/2008,16/05/2018,CDEB,SEN,N,USA,5.65,N,N,N,N,467372
718172AB5,2000000,13/05/2008,16/05/2013,CDEB,SEN,N,USA,4.875,N,N,N,N,467368
718172AC3,1500000,13/05/2008,16/05/2038,CDEB,SEN,N,USA,6.375,N,N,N,N,467374
718172AG4,1250000,12/11/2008,17/03/2014,CDEB,SEN,N,USA,6.875,N,N,N,N,485232
718172AH2,1000000,23/03/2010,26/03/2020,CDEB,SEN,N,USA,4.5,N,N,N,N,519147
718172AL3,750000,08/11/2011,15/11/2021,CDEB,SEN,N,USA,2.9,N,N,N,N,565031
718172AM1,750000,08/11/2011,15/11/2041,CDEB,SEN,N,USA,4.375,N,N,N,N,565033
718172AN9,550000,14/03/2012,20/03/2017,CDEB,SEN,N,USA,1.625,N,N,N,N,572609
718172AP4,700000,14/03/2012,20/03/2042,CDEB,SEN,N,USA,4.5,N,N,N,N,572613
718172AS8,750000,14/08/2012,21/08/2017,CDEB,SEN,N,USA,1.125,N,N,N,N,580083
718172AT6,750000,14/08/2012,22/08/2022,CDEB,SEN,N,USA,2.5,N,N,N,N,580085
718172AU3,750000,14/08/2012,21/08/2042,CDEB,SEN,N,USA,3.875,N,N,N,N,580087
718172AV1,600000,26/02/2013,06/03/2023,CDEB,SEN,N,USA,2.625,N,N,N,N,589533
718172AW9,850000,26/02/2013,04/03/2043,CDEB,SEN,N,USA,4.125,N,N,N,N,589535
718172AX7,400000,26/02/2013,26/02/2015,CDEB,SEN,N,USA,0.28435,N,N,N,N,589529
718172BD0,750000,04/11/2013,15/11/2043,CDEB,SEN,N,USA,4.875,N,N,N,N,602521
718172BE8,500000,04/11/2013,15/11/2023,CDEB,SEN,N,USA,3.6,N,N,N,N,602519
718172BF5,750000,04/11/2013,15/01/2019,CDEB,SEN,N,USA,1.875,N,N,N,N,602517
718172BL2,750000,03/11/2014,10/11/2044,CDEB,SEN,N,USA,4.25,N,N,N,N,619949
718172BM0,750000,03/11/2014,10/11/2024,CDEB,SEN,N,USA,3.25,N,N,N,N,619947
718172BN8,500000,03/11/2014,09/11/2017,CDEB,SEN,N,USA,1.25,N,N,N,N,619945
74254PPG1,502,17/11/2006,15/11/2016,RNT,SEN,N,USA,5,N,N,N,N,370198
74254PVW9,2836,14/03/2008,15/03/2018,RNT,SEN,N,USA,5.25,N,N,N,N,434007
742718DT3,500000,15/11/2010,14/11/2012,CDEB,SEN,N,USA,0.477,N,N,N,N,535945
742718EH8,450000,27/10/2014,01/11/2019,CDEB,SEN,N,USA,2.5225,N,N,N,N,619475
742741AA9,1000000,27/11/1990,01/01/2021,CDEB,SEN,N,USA,9.36,N,N,N,N,18546
74367CAF2,3809,26/01/2004,15/01/2011,RNT,SEN,N,USA,4,N,N,N,N,178526
74367CCU7,4058,06/06/2005,10/06/2012,RNT,SEN,N,USA,4.05,N,N,N,N,287735
74367CEJ0,901,04/06/2007,15/06/2014,RNT,SEN,N,USA,5.25,N,N,N,N,398683
747525AH6,250000,13/05/2015,18/05/2018,CDEB,SEN,N,USA,,N,N,N,N,631759
747525AL7,250000,13/05/2015,20/05/2020,CDEB,SEN,N,USA,3.06963,N,N,N,N,631763
747525AN3,750000,19/05/2017,20/05/2019,CDEB,SEN,N,USA,2.69125,N,N,N,N,689197
747525AQ6,500000,19/05/2017,20/05/2020,CDEB,SEN,N,USA,2.77225,N,N,N,N,689205
74913GAN5,750000,30/12/2005,15/06/2013,CDEB,SEN,N,USA,3.5301,N,N,N,N,327628
758940AG5,600000,09/05/2002,15/05/2012,CDEB,SUB,N,USA,6.375,N,N,N,N,142236
7591EAAA1,1000000,08/12/2008,10/12/2010,USBN,SEN,N,USA,2.75,N,N,N,N,487227
759351AC3,200000,12/12/2001,15/12/2011,CDEB,SEN,N,USA,6.75,N,N,N,N,134703
774341AD3,300000,11/12/2013,15/12/2016,CDEB,SEN,N,USA,1.20028,N,N,N,N,650180
775371AG2,150000,09/04/1990,15/04/2020,CDEB,SEN,N,USA,9.8,N,N,N,N,19245
780097AN1,750000,04/11/2003,12/11/2013,CDEB,SUB,Y,GBR,5,N,N,N,N,174721
780097AW1,1500000,14/10/2009,21/10/2019,CDEB,SEN,Y,GBR,6.4,N,N,N,N,506299
780097AY7,1000000,03/06/2013,10/06/2023,CDEB,SUB,Y,GBR,6.1,N,N,N,N,593959
780097AZ4,2000000,16/12/2013,19/12/2023,CDEB,SUB,Y,GBR,6,N,N,N,N,604439
780097BE0,1500000,10/05/2017,15/05/2023,CDEB,SEN,Y,GBR,3.498,N,N,N,N,688153
780097BF7,1500000,10/05/2017,15/05/2023,CDEB,SEN,Y,GBR,3.62813,N,N,N,N,688151
78009PBD2,10000,14/07/2011,21/07/2021,CMTN,SEN,Y,GBR,4.02763,N,N,N,N,563426
78009PCC3,1500000,14/03/2011,16/03/2016,CDEB,SEN,Y,GBR,4.375,N,N,N,N,542965
78010XAC5,2000000,09/03/2010,16/03/2015,CDEB,SEN,Y,GBR,4.875,N,N,N,N,518319
78010XAD3,1500000,17/08/2010,23/08/2013,CDEB,SEN,Y,GBR,3.4,N,N,N,N,529581
78010XAE1,1500000,17/08/2010,24/08/2020,CDEB,SEN,Y,GBR,5.625,N,N,N,N,529577
78010XAF8,750000,17/08/2010,23/08/2013,CDEB,SEN,Y,GBR,2.6941,N,N,N,N,529579
78010XAG6,2000000,13/09/2010,21/09/2015,CDEB,SEN,Y,GBR,3.95,N,N,N,N,531373
78010XAJ0,500000,04/01/2011,11/01/2014,CDEB,SEN,Y,GBR,3.25,N,N,N,N,539251
78010XAK7,1500000,04/01/2011,11/01/2021,CDEB,SEN,Y,GBR,6.125,N,N,N,N,539249
78011RAC7,5622,22/11/2010,15/11/2018,RNT,SEN,Y,GBR,4.25,N,N,N,N,539196
78012DAF0,9201,06/02/2012,15/02/2017,RNT,SEN,Y,GBR,5,N,N,N,N,583876
783764AS2,250000,14/05/2013,01/06/2019,CCOV,SEN,N,USA,0.25,N,N,N,N,593477
78409VAH7,387668,10/11/2015,15/08/2018,CDEB,SEN,N,USA,2.5,N,N,N,N,642221
78422X5F6,1000,25/04/2007,30/04/2012,CDEB,SEN,N,USA,0,N,N,N,N,494916
78422X5G4,10000,23/04/2007,30/04/2012,CDEB,SEN,N,USA,0,N,N,N,N,527563
78422X5N9,5074,21/05/2007,29/05/2012,CDEB,SEN,N,USA,0,N,N,N,N,527565
78422X5P4,2000,25/05/2007,30/05/2012,CDEB,SEN,N,USA,0,N,N,N,N,527567
78422X5Q2,2500,25/06/2007,02/07/2012,CDEB,SEN,N,USA,0,N,N,N,N,527601
78422X5R0,1500,26/06/2007,28/06/2012,CDEB,SEN,N,USA,0,N,N,N,N,527603
78422X6U2,500,22/05/2008,29/05/2013,CMTZ,SEN,N,USA,0,N,N,N,N,575388
78422XFP3,30000,18/05/2004,21/05/2012,CDEB,SEN,N,USA,0,N,N,N,N,189479
78422XTC7,2500,28/03/2006,31/03/2016,CDEB,SEN,N,USA,6,N,N,N,N,527691
78422XWA7,1500,30/05/2006,30/11/2011,CDEB,SEN,N,USA,0,N,N,N,N,527697
78423AEE8,1500,27/07/2007,31/07/2012,CDEB,SEN,N,USA,0,N,N,N,N,495536
78423ANU2,5500,04/10/2007,10/10/2014,CDEB,SEN,N,USA,0,N,N,N,N,516957
78423ANW8,1250,29/10/2007,31/10/2012,CDEB,SEN,N,USA,0,N,N,N,N,495538
78423AUG5,1250,08/08/2008,15/08/2012,CDEB,SEN,N,USA,0,N,N,N,N,495537
78423AVU3,6670,28/10/2009,30/10/2014,CDEB,SEN,N,USA,0,N,N,N,N,527715
78423AVX7,15200,24/11/2009,28/11/2014,CDEB,SEN,N,USA,0,N,N,N,N,512318
78423AVZ2,755,24/11/2009,01/12/2014,CDEB,SEN,N,USA,0,N,N,N,N,512315
78423AXK3,1467,27/04/2010,30/04/2015,CDEB,SEN,N,USA,0,N,N,N,N,523361
78423AYN6,3100,28/09/2010,30/09/2015,CDEB,SEN,N,USA,0,N,N,N,N,539114
80280JDB4,750000,07/01/2015,12/01/2018,USBN,SUB,N,USA,2,N,N,N,N,623843
80281LAC9,1000000,13/10/2015,16/10/2020,CDEB,SEN,Y,GBR,2.875,N,N,N,N,641205
80282KAJ5,400000,24/05/2016,24/11/2017,CDEB,SEN,N,USA,,N,N,N,N,653859
80283LAB9,1100000,10/03/2014,13/03/2017,CDEB,SEN,Y,GBR,1.375,N,N,N,N,608225
80283LAC7,400000,10/03/2014,13/03/2017,CDEB,SEN,Y,GBR,1.36222,N,N,N,N,608229
80283LAD5,500000,29/09/2014,29/09/2017,CDEB,SEN,Y,GBR,1.65,N,N,N,N,617981
80283LAE3,250000,24/09/2014,29/09/2017,CDEB,SEN,Y,GBR,0.6436,N,N,N,N,617967
80283LAF0,750000,17/08/2015,24/08/2018,CDEB,SEN,Y,GBR,2,N,N,N,N,637913
80283LAG8,250000,17/08/2015,24/08/2018,CDEB,SEN,Y,GBR,3.18,N,N,N,N,637915
80283LAJ2,1000000,10/03/2014,13/03/2024,CDEB,SEN,Y,GBR,4,N,N,N,N,608227
80283LAK9,1650000,07/03/2016,14/03/2019,CDEB,SEN,Y,GBR,2.5,N,N,N,N,648833
80283LAM5,1000000,20/08/2013,23/08/2018,CDEB,SEN,Y,GBR,3.05,N,N,N,N,598515
80283LAP8,1200000,27/10/2017,03/11/2020,CDEB,SEN,Y,GBR,2.125,N,N,N,N,718301
80283LAQ6,300000,27/10/2017,03/11/2020,CDEB,SEN,Y,GBR,2.58675,N,N,N,N,718303
80283LAR4,500000,02/01/2018,05/01/2021,CDEB,SEN,Y,GBR,2.5,N,N,N,N,732241
80283LAT0,1000000,23/05/2018,01/06/2021,CDEB,SEN,Y,GBR,3.4,N,N,N,N,759775
80283LAU7,750000,23/05/2018,01/06/2021,CDEB,SEN,Y,GBR,3.14025,N,N,N,N,759777
80283LAV5,500000,07/11/2018,15/11/2021,CDEB,SEN,Y,GBR,3.75,N,N,N,N,791991
80283LAW3,500000,07/11/2018,15/11/2021,CDEB,SEN,Y,GBR,2.81813,N,N,N,N,791995
80283LAX1,1000000,11/06/2019,18/06/2024,CDEB,SEN,Y,GBR,2.875,N,N,N,N,832065
816391AD8,227000,26/06/1994,26/06/2012,CDEB,SS,N,USA,8.98,N,N,N,N,485037
829809AF9,408609,09/08/1993,30/12/2013,CDEB,SS,N,USA,9,N,N,N,N,103579
832248AM0,400000,07/10/2004,01/08/2011,CDEB,SEN,N,USA,7,N,N,N,N,197336
832248AQ1,500000,19/06/2007,01/07/2017,CDEB,SEN,N,USA,7.75,N,N,N,N,401939
857477AM5,1000000,14/11/2013,20/11/2023,CDEB,SEN,N,USA,3.7,N,N,N,N,602741
857477AV5,750000,16/05/2016,19/05/2021,CDEB,SEN,N,USA,1.95,N,N,N,N,653417
857477AW3,750000,16/05/2016,19/05/2026,CDEB,SEN,N,USA,2.65,N,N,N,N,653419
85748KAA1,1500000,03/03/2009,30/04/2012,CDEB,SEN,N,USA,2.15,N,N,N,N,491976
867914BB8,500000,31/10/2007,05/11/2012,CDEB,SEN,N,USA,5.25,N,N,N,N,420213
867914BK8,1000000,29/02/2016,03/03/2021,CDEB,SEN,N,USA,2.9,N,N,N,N,647597
869099AH4,150000,08/08/2012,15/08/2022,CDEB,SEN,N,USA,5.375,N,N,N,N,580009
87161CAG0,450000,29/07/2005,15/06/2017,CDEB,SUB,N,USA,5.125,N,N,N,N,304939
87612EAW6,350000,13/07/2011,18/07/2014,CDEB,SEN,N,USA,1.125,N,N,N,N,558517
882850CM0,120122,18/06/1993,01/01/2015,CDEB,SS,N,USA,7.46,N,N,N,N,21818
882850CX6,81595,19/10/1995,01/01/2017,CDEB,SS,N,USA,7.48,N,N,N,N,31561
90131HAJ4,200000,06/04/2015,11/10/2015,CDEB,SEN,N,USA,7.6,N,N,N,N,629489
90131HAL9,350000,06/04/2015,18/05/2018,CDEB,SEN,N,USA,7.25,N,N,N,N,629451
90131HAT2,200000,06/04/2015,20/01/2024,CDEB,SEN,N,USA,7.75,N,N,N,N,627921
90131HAW5,200000,06/04/2015,23/02/2025,CDEB,SEN,N,USA,8.5,N,N,N,N,627923
90131HAX3,250000,06/04/2015,30/10/2025,CDEB,SEN,N,USA,7.7,N,N,N,N,629507
90131HAY1,240000,06/04/2015,01/10/2026,CDEB,SEN,N,USA,7.43,N,N,N,N,629499
90131HAZ8,200000,06/04/2015,08/04/2028,CDEB,SEN,N,USA,7.125,N,N,N,N,629551
90131HBA2,200000,06/04/2015,30/04/2028,CDEB,SEN,N,USA,7.3,N,N,N,N,629555
90131HBB0,200000,06/04/2015,30/06/2028,CDEB,SEN,N,USA,7.28,N,N,N,N,629557
90131HBC8,200000,06/04/2015,30/11/2028,CDEB,SEN,N,USA,7.625,N,N,N,N,629559
90131HBD6,350000,06/04/2015,15/03/2033,CDEB,SEN,N,USA,6.55,N,N,N,N,629561
90131HBE4,200000,06/04/2015,01/08/2034,CDEB,SEN,N,USA,8.45,N,N,N,N,629491
90131HBF1,1000000,06/04/2015,15/12/2034,CDEB,SEN,N,USA,6.2,N,N,N,N,629533
90131HBJ3,300000,06/04/2015,17/10/2036,CDEB,SEN,N,USA,8.15,N,N,N,N,629513
90131HBM6,250000,06/04/2015,09/01/2038,CDEB,SEN,N,USA,6.75,N,N,N,N,629449
90131HBR5,600000,06/04/2015,01/12/2045,CDEB,SEN,N,USA,7.75,N,N,N,N,627925
90131HBS3,150000,06/04/2015,01/12/2095,CDEB,SEN,N,USA,7.9,N,N,N,N,629453
90131HBT1,100000,06/04/2015,17/10/2096,CDEB,SEN,N,USA,8.25,N,N,N,N,629497
902494BA0,300000,23/05/2017,30/05/2019,CDEB,SEN,N,USA,3.07888,N,N,N,N,689651
902494BB8,350000,23/05/2017,02/06/2020,CDEB,SEN,N,USA,3.07025,N,N,N,N,689653
90261XGM8,10000,30/09/2010,30/09/2020,USBN,SEN,N,USA,,N,N,N,N,535302
90270KZH5,2800,15/04/2019,03/12/2020,CMTZ,SEN,Y,GBR,0,N,N,N,N,818337
90331HLC5,11400,14/09/2006,14/09/2046,USBN,SEN,N,USA,0.086,N,N,N,N,359416
90331HMB6,1000000,28/10/2010,26/10/2012,CMTN,SEN,N,USA,0.4448,N,N,N,N,534269
90331HMC4,1300000,27/01/2014,30/01/2017,USBN,SEN,N,USA,1.1,N,N,N,N,606919
90331HMD2,700000,27/01/2014,30/01/2017,USBN,SEN,N,USA,1.11733,N,N,N,N,606921
90331HMF7,1250000,21/04/2014,22/04/2016,USBN,SEN,N,USA,,N,N,N,N,663108
90331HMU4,50000,29/01/2016,29/12/2017,USBN,SEN,N,USA,1.45,N,N,N,N,726922
90331HMX8,1250000,23/02/2016,23/08/2017,USBN,SEN,N,USA,,N,N,N,N,655905
90331HNP4,1000000,24/04/2018,26/04/2021,USBN,SEN,N,USA,3.15,N,N,N,N,753849
904851AA0,400000,03/12/2003,16/12/2013,CDEB,SUB,N,USA,5.25,N,N,N,N,176262
909214BH0,300000,12/03/2003,15/03/2010,CDEB,SEN,N,USA,6.875,N,N,N,N,160212
913017BW8,1000000,24/05/2012,02/12/2013,CDEB,SEN,N,USA,0.5295,N,N,N,N,576121
913017BX6,500000,24/05/2012,01/06/2015,CDEB,SEN,N,USA,0.7616,N,N,N,N,576123
913017BZ1,1099838,29/04/2015,04/05/2018,CDEB,JUNS,N,USA,1.778,N,N,N,N,629917
913026AT7,70000,12/01/1995,15/01/2025,CDEB,SS,N,USA,8.375,N,N,N,N,23145
913026AU4,75000,01/07/1993,15/07/2023,CDEB,SS,N,USA,7.125,N,N,N,N,23146
918204AU2,400000,17/08/2011,23/08/2013,CDEB,SEN,N,USA,1.0241,N,N,N,N,560465
919794AB3,125000,24/09/2013,27/09/2023,CDEB,SUB,N,USA,5.125,N,N,N,N,599935
919794AC1,100000,16/06/2015,19/06/2025,CDEB,SUB,N,USA,4.55,N,N,N,N,632767
92343VBH6,1000000,02/11/2012,02/11/2015,CDEB,SEN,N,USA,0.7,N,N,N,N,583817
92343VBL7,2250000,11/09/2013,15/09/2016,CDEB,SEN,N,USA,2.1825,N,N,N,N,599613
92343VBM5,1750000,11/09/2013,14/09/2018,CDEB,SEN,N,USA,4.08563,N,N,N,N,599611
92857WBN9,1000000,23/05/2018,16/01/2024,CDEB,SEN,Y,GBR,3.29338,N,N,N,N,759769
929903BB7,3000,06/02/2006,15/02/2012,CMTZ,SEN,N,USA,0,N,N,N,N,324121
931142BT9,1500000,22/04/2003,01/05/2013,CDEB,SEN,N,USA,4.55,N,N,N,N,162820
931142CJ0,500000,17/08/2007,15/02/2018,CDEB,SEN,N,USA,5.8,N,N,N,N,411624
931142CK7,2250000,17/08/2007,15/08/2037,CDEB,SEN,N,USA,6.5,N,N,N,N,411625
931142CL5,1000000,08/04/2008,15/04/2013,CDEB,SEN,N,USA,4.25,N,N,N,N,437288
931142CM3,1500000,08/04/2008,15/04/2038,CDEB,SEN,N,USA,6.2,N,N,N,N,437289
931142CN1,500000,15/01/2009,03/02/2014,CDEB,SEN,N,USA,3,N,N,N,N,489028
931142CP6,500000,15/01/2009,01/02/2019,CDEB,SEN,N,USA,4.125,N,N,N,N,489029
931142CQ4,1000000,14/05/2009,15/05/2014,CDEB,SEN,N,USA,3.2,N,N,N,N,496114
931142CT8,750000,30/06/2010,08/07/2015,CDEB,SEN,N,USA,2.25,N,N,N,N,525559
931142CU5,1500000,30/06/2010,08/07/2020,CDEB,SEN,N,USA,3.625,N,N,N,N,525557
931142CV3,750000,30/06/2010,08/07/2040,CDEB,SEN,N,USA,4.875,N,N,N,N,525561
931142DA8,1000000,11/04/2011,15/04/2014,CDEB,SEN,N,USA,1.625,N,N,N,N,553065
931142DB6,2000000,11/04/2011,15/04/2041,CDEB,SEN,N,USA,5.625,N,N,N,N,553071
931142DC4,1000000,11/04/2011,15/04/2016,CDEB,SEN,N,USA,2.8,N,N,N,N,553067
931142DD2,1000000,11/04/2011,15/04/2021,CDEB,SEN,N,USA,4.25,N,N,N,N,553069
94973VBG1,1500000,12/11/2013,15/10/2042,CCOV,SEN,N,USA,2.75,N,N,N,N,602735
949746NW7,3000000,16/10/2007,23/10/2012,CDEB,SEN,N,USA,5.25,N,N,N,N,418667
949746RW3,3000000,15/04/2016,22/04/2026,CDEB,SEN,N,USA,3,N,N,N,N,650959
949746SJ1,2000000,24/10/2016,31/10/2023,CDEB,SEN,N,USA,3.4855,N,N,N,N,663743
94986RCZ2,12155,23/02/2011,02/03/2016,CMTN,SEN,N,USA,0.125,N,N,N,N,548158
94986RQF1,41400,05/06/2013,05/06/2020,CMTZ,SEN,N,USA,0,N,N,N,N,634308
94986RQH7,28900,10/06/2013,10/06/2020,CMTZ,SEN,N,USA,0,N,N,N,N,634646
94986RQJ3,4275,10/06/2013,24/01/2020,CMTZ,SEN,N,USA,0,N,N,N,N,634676
94986RVY4,5000,13/02/2015,21/02/2020,CMTN,SEN,N,USA,0.125,N,N,N,N,692936
94986RXR7,55000,17/06/2015,24/06/2022,CMTN,SEN,N,USA,0.25,N,N,N,N,705966
95001B2K9,1300,08/02/2018,14/02/2025,CMTN,SEN,N,USA,0.125,N,N,N,N,739903
957638AB5,75000,20/08/2010,01/09/2015,CDEB,SEN,N,USA,10,N,N,N,N,529719
960386AG5,150000,19/12/2003,31/07/2013,CDEB,SEN,N,USA,6.875,N,N,N,N,180091
961548AQ7,150000,12/03/1997,15/03/2027,CDEB,SEN,N,USA,7.65,N,N,N,N,51090
961548AS3,150000,19/06/1997,15/06/2027,CDEB,SEN,N,USA,7.5,N,N,N,N,56219
984121CK7,400000,26/02/2015,01/09/2020,CDEB,SEN,N,USA,2.75,N,N,N,N,626119
98934KAB6,300000,09/11/1993,15/11/2023,CDEB,SEN,N,USA,7,N,N,N,N,24061
989701AU1,34680,01/06/2009,15/05/2014,CDEB,SUB,N,USA,5.65,N,N,N,N,498722
