CUSIP,PERMNO,PERMCO
00077TAA2,84766,31989
00077TAA2,92355,28711
00077TAB0,84766,31989
00077TAB0,92355,28711
001192AA1,15553,116
00163XAM2,85592,32135
00163XAM2,85592,32135
00206RBS0,66093,21645
00206RCB6,66093,21645
00206RCD2,66093,21645
00206RCF7,66093,21645
00206RDU3,66093,21645
00206RDV1,66093,21645
00206REJ7,66093,21645
002799AH7,75152,20260
002799AJ3,75152,20260
002799AK0,75152,20260
019918AB7,41443,20057
02005NAR1,14558,53687
02005NBE9,14558,53687
02005NBF6,14558,53687
02006DAM3,14558,53687
02209SAC7,13901,21398
02209SAD5,13901,21398
02209SAE3,13901,21398
02209SAF0,13901,21398
02209SAG8,13901,21398
02209SAH6,13901,21398
02209SAJ2,13901,21398
02209SAM5,13901,21398
02209SAN3,13901,21398
02209SAP8,13901,21398
02209SAQ6,13901,21398
02209SAR4,13901,21398
02209SAS2,13901,21398
025537AL5,24109,20077
025816AY5,59176,90
025816AZ2,59176,90
025816BG3,59176,90
025816BH1,59176,90
0258M0CX5,59176,90
02687QCR7,66800,137
030955AB4,66093,21645
030955AB4,66093,21645
03523TBK3,93013,53204
035240AC4,93013,53204
035242AF3,93013,53204
035242AK2,93013,53204
03524BAD8,93013,53204
037389AK9,61735,20203
037389AK9,61735,20203
037833BC3,14593,7
037833BE9,14593,7
037833BT6,14593,7
04010L509,90401,45709
046353AP3,79363,29908
05565QBE7,29890,20333
05565QBF4,29890,20333
05565QBK3,29890,20333
05565QBL1,29890,20333
05565QBT4,29890,20333
05565QBV9,29890,20333
05565QBW7,29890,20333
05565QCA4,29890,20333
05565QCF3,29890,20333
05565QCL0,29890,20333
05565QCM8,29890,20333
05565QCN6,29890,20333
05565QCQ9,29890,20333
05565QDN5,29890,20333
05565QDP0,29890,20333
05565QDQ8,29890,20333
05565QDR6,29890,20333
05565QDT2,29890,20333
06048WMW7,59408,3151
06048WMY3,59408,3151
06048WNE6,59408,3151
06048WNF3,59408,3151
06048WPS3,59408,3151
060505AR5,59408,3151
060505CM4,59408,3151
06050TMF6,59408,3151
06050WEX9,59408,3151
06050WEX9,59408,3151
06050XDY6,59408,3151
06051GFS3,59408,3151
06406HCY3,49656,20265
06426DAB0,80112,12784
06738EAC9,69761,20269
06738EAE5,69761,20269
06738EAG0,69761,20269
06738EAJ4,69761,20269
06738EAP0,69761,20269
06738GUZ1,69761,20269
06738JBR4,69761,20269
06738JDC5,69761,20269
06738JE42,69761,20269
06738JMT8,69761,20269
06738JVA9,69761,20269
06738JZB3,69761,20269
06739FHT1,69761,20269
06739FHU8,69761,20269
06739FHV6,69761,20269
06739FJA0,69761,20269
06739FJF9,69761,20269
06739GAR0,69761,20269
06739GBB4,69761,20269
06739GBP3,69761,20269
06739GBS7,69761,20269
06740L8C2,69761,20269
06740P3N4,69761,20269
06741JS26,69761,20269
06741JV89,69761,20269
06741RGF2,69761,20269
06741TJZ1,69761,20269
06747M3N4,69761,20269
06747MDN3,69761,20269
07177MAJ2,27887,20277
07177MAJ2,85888,16024
071813BK4,27887,20277
07385TAJ5,47896,20436
07385TAJ5,68304,20282
073902CD8,47896,20436
073902CD8,68304,20282
073902KF4,47896,20436
073902KF4,68304,20282
073902KG2,47896,20436
073902KG2,68304,20282
073902PN2,47896,20436
073902PN2,68304,20282
073902PP7,47896,20436
073902PP7,68304,20282
073902PR3,47896,20436
073902PR3,68304,20282
073902RU4,47896,20436
073902RU4,68304,20282
073902RU4,69761,20269
075887BC2,39642,20284
079867AQ0,65883,20290
079867AQ0,66093,21645
084670BG2,17778,540
084670BL1,17778,540
10373QBD1,29890,20333
126168AB9,76221,26084
126168AB9,89330,37665
134429AX7,25320,20384
134429BB4,25320,20384
134429BC2,25320,20384
14040HAV7,81055,30513
14040HAW5,81055,30513
14040HAX3,81055,30513
14040HAY1,81055,30513
149123BT7,18542,20408
149123BW0,18542,20408
14912HPK0,18542,20408
14913Q2K4,18542,20408
165167CQ8,78877,11937
166764AX8,14541,20440
170032AT3,89329,22568
171340AM4,23393,1103
17275RAY8,76076,10486
172967AL5,70519,20483
172967AL5,70519,20483
172967DE8,70519,20483
172967DY4,70519,20483
172967EC1,70519,20483
172967EG2,70519,20483
172967EH0,70519,20483
172967EJ6,70519,20483
172967EL1,70519,20483
172967EM9,70519,20483
172967EP2,70519,20483
172967EQ0,70519,20483
172967ES6,70519,20483
172967ET4,70519,20483
172967EU1,70519,20483
172967EW7,70519,20483
172967EY3,70519,20483
172967EZ0,70519,20483
172967FD8,70519,20483
172967FE6,70519,20483
172967FF3,70519,20483
172967FG1,70519,20483
172967FL0,70519,20483
172967FS5,70519,20483
172967FT3,70519,20483
172967FU0,70519,20483
172967FV8,70519,20483
172967FV8,70519,20483
172967FW6,70519,20483
172967FW6,70519,20483
172967FX4,70519,20483
172967FY2,70519,20483
172967GB1,70519,20483
172967GC9,70519,20483
172967GG0,70519,20483
172967GJ4,70519,20483
172967GK1,70519,20483
172967GL9,70519,20483
172967GP0,70519,20483
172967GQ8,70519,20483
172967GS4,70519,20483
172967GT2,70519,20483
172967GV7,70519,20483
172967GW5,70519,20483
172967GZ8,70519,20483
172967HA2,70519,20483
172967HB0,70519,20483
172967HC8,70519,20483
172967HD6,70519,20483
172967HE4,70519,20483
172967HF1,70519,20483
172967HG9,70519,20483
172967HH7,70519,20483
172967HK0,70519,20483
172967HL8,70519,20483
172967HM6,70519,20483
172967HN4,70519,20483
172967HR5,70519,20483
172967HS3,70519,20483
172967HT1,70519,20483
172967HU8,70519,20483
172967HV6,70519,20483
172967HY0,70519,20483
172967JD4,70519,20483
172967JE2,70519,20483
172967JH5,70519,20483
172967JJ1,70519,20483
172967JN2,70519,20483
172967JR3,70519,20483
172967JT9,70519,20483
172967JU6,70519,20483
172967JV4,70519,20483
172967JW2,70519,20483
172967KA8,70519,20483
172967KB6,70519,20483
172967LL3,70519,20483
1730T0HP7,70519,20483
1730T0JJ9,70519,20483
1730T0KN8,70519,20483
1730T0KP3,70519,20483
1730T0KQ1,70519,20483
1730T0MK2,70519,20483
17313UAA7,70519,20483
17324CUV6,70519,20483
17324XHW3,70519,20483
17326Y7E0,70519,20483
174610AC9,14889,55006
174610AL9,14889,55006
184502AD4,24046,6996
190441AW5,12558,53667
190441AW5,77481,22983
197677AG2,12622,53696
20035CAA8,25081,1261
20451PKM7,75381,21963
20826FAM8,13928,21401
210805AS6,79641,23504
210805AS6,91103,21793
210805AT4,79641,23504
210805AT4,91103,21793
212485AE6,86305,34849
212485AE6,89900,44612
22541HCC4,89154,42125
22541LAH6,89154,42125
22541LAH6,89154,42125
22541LAR4,89154,42125
22541LAR4,89154,42125
225434AF6,89154,42125
225434AF6,89154,42125
225434AG4,89154,42125
225434AG4,89154,42125
2254C0JA6,89154,42125
2254C0TC1,89154,42125
23331AAF6,77661,11559
23331AAJ8,77661,11559
23331AAP4,77661,11559
23331AAS8,77661,11559
23331AAT6,77661,11559
2338E8XL8,86381,34898
2338E8YT0,86381,34898
235851AJ1,49680,20557
24422ERQ4,19350,20566
24424CAP6,19350,20566
24424CAQ4,19350,20566
249030AA5,11600,9424
249030AA5,11600,9424
251526BP3,89199,42291
251526BU2,89199,42291
25152R2U6,89199,42291
25152R2X0,89199,42291
25152RUV3,89199,42291
25152RUY7,89199,42291
25154P469,89199,42291
25154P568,89199,42291
25154P576,89199,42291
25155MKW0,89199,42291
2515A0JR5,89199,42291
2515A0RL9,89199,42291
2515A12N0,89199,42291
2515A13G4,89199,42291
25179MAQ6,87137,35222
25179MAR4,87137,35222
25466AAP6,92121,52396
25468PCF1,26403,20587
25468PCY0,26403,20587
254709AC2,92121,52396
257375AM7,64936,20592
26078JAG5,16851,56027
26078JAH3,16851,56027
263534CH0,11703,20606
263534CM9,11703,20606
263534CM9,16851,56027
263534CM9,19166,20681
26444GAA1,27959,20608
26444GAB9,27959,20608
26444GAC7,27959,20608
26444GAD5,27959,20608
26444GAE3,27959,20608
26444HAD3,27959,20608
26884LAD1,24328,20662
278642202,86356,16285
291641AT5,23042,20646
30231GAM4,11850,20678
30231GAS1,11850,20678
302570BG0,24205,20684
302570BG0,24205,20684
31677QBA6,34746,1741
31677QBD0,34746,1741
31677QBE8,34746,1741
33582VAC2,85994,16060
337915AA0,35167,5259
337915AA0,42906,2093
345370BS8,25785,20750
345397TZ6,25785,20750
345397VR1,25785,20750
345397XH1,25785,20750
345397XL2,25785,20750
345397XT5,25785,20750
345397XW8,25785,20750
34540TQE5,25785,20750
360271AE0,88197,5440
36186CBW2,14558,53687
36186CBX0,14558,53687
36186CBY8,14558,53687
369300AL2,84776,31975
369604BC6,12060,20792
36962GS62,12060,20792
36962GS70,12060,20792
36962GU44,12060,20792
36966RNY8,12060,20792
36966RUC8,12060,20792
370334CB8,17144,20798
370334CC6,17144,20798
37033LFV3,17144,20798
370425RZ5,14558,53687
37045XBA3,12369,53554
37246WAC9,88597,39140
373334FV8,18411,21640
375558BN2,77274,11300
375558BP7,77274,11300
375558BQ5,77274,11300
377372AF4,75064,1973
38141EB24,86868,35048
38141EB32,86868,35048
38141EB40,86868,35048
38141EB73,86868,35048
38141EB99,86868,35048
38141EC49,86868,35048
38141EC56,86868,35048
38141GEE0,86868,35048
38141GEF7,86868,35048
38141GEV2,86868,35048
38141GFM1,86868,35048
38141GGM0,86868,35048
38141GGQ1,86868,35048
38141GGR9,86868,35048
38141GGS7,86868,35048
38141GGT5,86868,35048
38141GGT5,86868,35048
38141GRC0,86868,35048
38141GRD8,86868,35048
38141GVK7,86868,35048
38141GVM3,86868,35048
38141GVN1,86868,35048
38141GVR2,86868,35048
38141GVV3,86868,35048
38141GWU4,86868,35048
38143C5M9,86868,35048
38143C5R8,86868,35048
38143U8G9,86868,35048
38143UAV3,12060,20792
38143UAV3,86868,35048
38143USB8,86868,35048
38143USC6,86868,35048
38144LAB6,86868,35048
38144LAC4,86868,35048
38145GAK6,86868,35048
38145XAA1,86868,35048
38146FAA9,86868,35048
38146FAB7,86868,35048
38146FAC5,86868,35048
38147MAA3,86868,35048
38148FAA7,86868,35048
38148FAB5,86868,35048
38148LAD8,86868,35048
38148LAF3,86868,35048
38148TJT7,86868,35048
38150AAB1,86868,35048
386088AB4,76592,28996
40054K4T0,86868,35048
40054KB70,86868,35048
40054KDM5,86868,35048
40054KF50,86868,35048
40054KGN0,86868,35048
40054KJG2,86868,35048
40054KLC8,86868,35048
40054KYZ3,86868,35048
40054L5R1,86868,35048
40054L6L3,86868,35048
40054LBJ2,86868,35048
40054LBK9,86868,35048
40054LEX8,86868,35048
40054LJ39,86868,35048
40054LJ47,86868,35048
40054LJ54,86868,35048
40054LJA3,86868,35048
40054LLU6,86868,35048
40054LN34,86868,35048
40054LN42,86868,35048
40054LN59,86868,35048
40054LN67,86868,35048
40054LR89,86868,35048
40054LR97,86868,35048
40054LRB2,86868,35048
40054LRL0,86868,35048
40054LS21,86868,35048
40054LV76,86868,35048
40054LVA9,86868,35048
40054LXT6,86868,35048
40054LZR8,86868,35048
40054LZS6,86868,35048
40054LZT4,86868,35048
40054LZV9,86868,35048
40055A2Z9,86868,35048
40055A4C8,86868,35048
40055A4D6,86868,35048
40055A5L7,86868,35048
40055A5M5,86868,35048
40055A5T0,86868,35048
40055A6F9,86868,35048
40055A6G7,86868,35048
40055A6J1,86868,35048
40055A7J0,86868,35048
40055AC62,86868,35048
40055AC70,86868,35048
40055ACE5,86868,35048
40055AD20,86868,35048
40055ADD6,86868,35048
40055ADF1,86868,35048
40055ADG9,86868,35048
40055ADK0,86868,35048
40055AES2,86868,35048
40055AGK7,86868,35048
40055AGL5,86868,35048
40055AHC4,86868,35048
40055AHD2,86868,35048
40055AHH3,86868,35048
40055AHK6,86868,35048
40055AJN8,86868,35048
40055AKQ9,86868,35048
40055AMP9,86868,35048
40055AMX2,86868,35048
40055ANE3,86868,35048
40055ANM5,86868,35048
40055APG6,86868,35048
40055APL5,86868,35048
40055APM3,86868,35048
40055APN1,86868,35048
40055APP6,86868,35048
40055APR2,86868,35048
40055APW1,86868,35048
40055AQK6,86868,35048
40055AQP5,86868,35048
40055ARW9,86868,35048
40055ATJ6,86868,35048
40055ATK3,86868,35048
40055AU39,86868,35048
40055AU54,86868,35048
40055AU88,86868,35048
40055AUA3,86868,35048
40055AUC9,86868,35048
40055AUD7,86868,35048
40055AUP0,86868,35048
40055AWC7,86868,35048
40055AWD5,86868,35048
40055AYK7,86868,35048
40055AYL5,86868,35048
40055AYT8,86868,35048
40055AYU5,86868,35048
40055AYW1,86868,35048
40055AZP5,86868,35048
40055Q2V3,86868,35048
40055Q2W1,86868,35048
40055Q3G5,86868,35048
40055Q3J9,86868,35048
40055Q3K6,86868,35048
40055Q3L4,86868,35048
40055Q3M2,86868,35048
40055Q3N0,86868,35048
40055Q3P5,86868,35048
40055Q3S9,86868,35048
40055Q3V2,86868,35048
40055QA28,86868,35048
40055QAR3,86868,35048
40055QAS1,86868,35048
40055QAU6,86868,35048
40055QAV4,86868,35048
40055QB84,86868,35048
40055QB92,86868,35048
40055QBA9,86868,35048
40055QBB7,86868,35048
40055QBF8,86868,35048
40055QBG6,86868,35048
40055QC59,86868,35048
40055QCH3,86868,35048
40055QCK6,86868,35048
40055QCL4,86868,35048
40055QCU4,86868,35048
40055QD66,86868,35048
40055QDT6,86868,35048
40055QDU3,86868,35048
40055QEU2,86868,35048
40055QGE6,86868,35048
40055QGX4,86868,35048
40055QGY2,86868,35048
40055QKC5,86868,35048
40055QKK7,86868,35048
40055QKY7,86868,35048
40055QL26,86868,35048
40055QL75,86868,35048
40055QLD2,86868,35048
40055QLE0,86868,35048
40055QLG5,86868,35048
40055QLH3,86868,35048
40055QLJ9,86868,35048
40055QLK6,86868,35048
40055QLN0,86868,35048
40055QMJ8,86868,35048
40055QNR9,86868,35048
40055QNT5,86868,35048
40055QQ96,86868,35048
40055QQB1,86868,35048
40055QR79,86868,35048
40055QRM6,86868,35048
40055QRN4,86868,35048
40055QRP9,86868,35048
40055QRQ7,86868,35048
40055QRS3,86868,35048
40055QRT1,86868,35048
40055QRU8,86868,35048
40055QRY0,86868,35048
40055QRZ7,86868,35048
40055QS29,86868,35048
40055QS78,86868,35048
40055QUP5,86868,35048
40055QUR1,86868,35048
40055QUU4,86868,35048
40055QUW0,86868,35048
40055QUY6,86868,35048
40055QUZ3,86868,35048
40055QV33,86868,35048
40055QV90,86868,35048
40055QVA7,86868,35048
40055QVC3,86868,35048
40055QVH2,86868,35048
40055QXP2,86868,35048
40055QZX3,86868,35048
40055QZZ8,86868,35048
40056E4S4,86868,35048
40056E4Y1,86868,35048
40056E6B9,86868,35048
40056E6R4,86868,35048
40056E6S2,86868,35048
40056EA65,86868,35048
40056EBK3,86868,35048
40056EBV9,86868,35048
40056ECS5,86868,35048
40056ECU0,86868,35048
40056EDD7,86868,35048
40056EDE5,86868,35048
40056EDF2,86868,35048
40056EDG0,86868,35048
40056EDH8,86868,35048
40056EEX2,86868,35048
40056EEZ7,86868,35048
40056EF29,86868,35048
40056EH84,86868,35048
40056EH92,86868,35048
40056EHM3,86868,35048
40056EHV3,86868,35048
40056EJ41,86868,35048
40056EJ66,86868,35048
40056EJ74,86868,35048
40056EJ82,86868,35048
40056EKV9,86868,35048
40056ELD8,86868,35048
40056ELK2,86868,35048
40056ELR7,86868,35048
40056ELS5,86868,35048
40056EM39,86868,35048
40056ENQ7,86868,35048
40056ENU8,86868,35048
40056ENW4,86868,35048
40056ENZ7,86868,35048
40056EP93,86868,35048
40056EWM6,86868,35048
40056EZP6,86868,35048
40056EZX9,86868,35048
40056F2B0,86868,35048
40056F3J2,86868,35048
40056F4J1,86868,35048
40056F5F8,86868,35048
40056F6Q3,86868,35048
40056F7M1,86868,35048
40056FA21,86868,35048
40056FC45,86868,35048
40056FCM5,86868,35048
40056FDM4,86868,35048
40056FGA7,86868,35048
40056FJH9,86868,35048
40056FJJ5,86868,35048
40056FJX4,86868,35048
40056FKS3,86868,35048
40056FKY0,86868,35048
402479BT5,18411,21640
404280AE9,87033,35175
404280AE9,87033,35175
404280AF6,87033,35175
404280AF6,87033,35175
404280AH2,87033,35175
404280AH2,87033,35175
404280AL3,87033,35175
404280AL3,87033,35175
404280AM1,87033,35175
404280AM1,87033,35175
404280AN9,87033,35175
40428HPB2,87033,35175
40428HPB2,87033,35175
40429CFN7,87033,35175
40429CGD8,87033,35175
4042K1JY0,87033,35175
4042K1JY0,87033,35175
4042K1QP1,87033,35175
4042K1QP1,87033,35175
40432X7F2,87033,35175
4165X0HB9,82775,31386
4165X0KL3,82775,31386
4165X0LS7,82775,31386
4165X0LW8,82775,31386
428236AW3,27828,20908
42824CAV1,27828,20908
428656AB8,41807,2141
428656AB8,81055,30513
437076BJ0,66181,5085
438516BK1,10145,22168
44181ED21,87033,35175
44181ED21,92597,52975
44181EU71,87033,35175
44181EU71,92597,52975
446150AJ3,42906,2093
44643TAA5,42906,2093
44643TAA5,42906,2093
44932HAD5,12490,20990
456866AL6,12431,20977
45974WAB2,66800,137
46625HCA6,47896,20436
46625HGT1,47896,20436
46625HHW3,47896,20436
46625HJL5,47896,20436
46625HQV5,47896,20436
46625HRS1,47896,20436
46625HRT9,47896,20436
46647MRA3,47896,20436
471109AB4,60986,3178
471109AB4,78977,12037
471109AB4,78977,12037
471109AB4,91517,51322
471109AM0,60986,3178
471109AM0,78977,12037
48123LE91,47896,20436
48124A3C9,47896,20436
48124A6A0,47896,20436
48124A7H4,47896,20436
48124A7J0,47896,20436
48124ALN5,47896,20436
48124AMN4,47896,20436
48124AWK9,47896,20436
48124AX36,47896,20436
48124AZZ3,47896,20436
48125LRH7,47896,20436
48125UUE0,47896,20436
48125XMZ6,47896,20436
48126BAA1,47896,20436
48129MBS4,47896,20436
48129MKJ4,47896,20436
48129MKK1,47896,20436
48129MPK6,47896,20436
48130U2P9,47896,20436
48130U5P6,47896,20436
48130UAC9,47896,20436
48130UAD7,47896,20436
48130UAE5,47896,20436
48130UHC2,47896,20436
48130UU60,47896,20436
48130UU86,47896,20436
48130UU94,47896,20436
48130W5D9,47896,20436
48130WEW7,47896,20436
48130WNG2,47896,20436
48130WNH0,47896,20436
48130WXZ9,47896,20436
48132CGP2,47896,20436
50075NAT1,89006,41680
50075NAT1,89006,41680
50075NAU8,89006,41680
50075NAU8,89006,41680
50075NAV6,89006,41680
50075NAV6,89006,41680
50075NAW4,89006,41680
50075NAW4,89006,41680
50075NAX2,89006,41680
50075NAX2,89006,41680
50075NAY0,89006,41680
50075NAY0,89006,41680
50075NAZ7,89006,41680
50075NAZ7,89006,41680
50075NBA1,89006,41680
50075NBA1,89006,41680
50075NBB9,89006,41680
50075NBB9,89006,41680
50075NBC7,89006,41680
50076QAE6,13598,54193
50076QAN6,13598,54193
50076QAR7,13598,54193
50076QAU0,13598,54193
50076QAX4,13598,54193
50076QAY2,13598,54193
50076QAY2,13598,54193
50076QAZ9,13598,54193
501044CV1,16678,21068
505588AV5,12781,21080
527288BD5,20415,21097
539439AM1,89238,42417
539439AN9,89238,42417
539439AT6,89238,42417
53944VAA7,89238,42417
53944VAG4,89238,42417
53944XCQ6,89238,42417
53944YAH6,89238,42417
539473AG3,89238,42417
539473AG3,89238,42417
539473AH1,89238,42417
539473AH1,89238,42417
539473AQ1,89238,42417
5394E8AF6,89238,42417
5394E8AF6,89238,42417
5394E8BB4,89238,42417
5394E8CM9,89238,42417
5525V0AS5,51706,3042
55279HAD2,35554,1689
571900BA6,85913,30005
577778AS2,75076,21148
577778AS2,77462,22856
577778AT0,75076,21148
577778AT0,77462,22856
585055BJ4,60097,2850
59018YD81,52919,21190
59018YD81,59408,3151
59018YKN0,59408,3151
59022CCT8,52919,21190
59022CCT8,59408,3151
59156RAV0,87842,37138
59156RBK3,87842,37138
59156RBL1,87842,37138
597433AD3,87033,35175
609207AC9,89006,41680
6174462T5,69032,21224
6174467N3,69032,21224
61745E5K3,69032,21224
61746BDF0,69032,21224
61746BEB8,69032,21224
61746BED4,69032,21224
61746SBQ1,69032,21224
61746SBQ1,69032,21224
61746SBS7,69032,21224
61746SBS7,69032,21224
61747YCF0,69032,21224
61747YDW2,69032,21224
61747YDX0,69032,21224
617480124,69032,21224
617482D92,69032,21224
617482TN4,69032,21224
617482X25,69032,21224
617482X41,69032,21224
617482YR9,69032,21224
617483557,69032,21224
61757UAA8,69032,21224
61757UAB6,69032,21224
61757UAC4,69032,21224
61757UAE0,69032,21224
61757UAF7,69032,21224
61757UAG5,69032,21224
61757UAH3,69032,21224
61757UAJ9,69032,21224
61757UAK6,69032,21224
61757UAL4,69032,21224
61760QKR4,69032,21224
61761JAM1,69032,21224
61761JBB4,69032,21224
61761JBC2,69032,21224
61761JBK4,69032,21224
61768C3L9,69032,21224
61768C6U6,69032,21224
61768CH91,69032,21224
61768CPE1,69032,21224
61768CPJ0,69032,21224
61768CQ34,69032,21224
61768CQ42,69032,21224
61768CTF4,69032,21224
61768CVH7,69032,21224
61768CX69,69032,21224
61768CXP7,69032,21224
61768CZ91,69032,21224
61768CZX8,69032,21224
61768D2E4,69032,21224
61768D7N9,69032,21224
61768DAY1,69032,21224
61768DBB0,69032,21224
61768DDJ1,69032,21224
61768DEA9,69032,21224
61768DGQ2,69032,21224
61768DKJ3,69032,21224
61768DQU2,69032,21224
61768DU94,69032,21224
61768DV28,69032,21224
61768DV36,69032,21224
61769HDP7,69032,21224
61769HDQ5,69032,21224
61769HDR3,69032,21224
629491AA9,91143,50474
631103AH1,90601,46282
63743FVY9,14465,54741
63743FXH4,14465,54741
652478AH1,90442,21287
652478AL2,90442,21287
652478AQ1,90442,21287
652478AU2,90442,21287
652478AY4,90442,21287
652478AZ1,90442,21287
652478BX5,90442,21287
652478BY3,90442,21287
652478BZ0,90442,21287
652482AJ9,90442,21287
652482AM2,90442,21287
652482AT7,90442,21287
652482AU4,90442,21287
652482AX8,90442,21287
652482BC3,90442,21287
652482BD1,69593,21287
652482BD1,90442,21287
652482BJ8,90442,21287
65339KAB6,24205,20684
65339KAC4,24205,20684
65339KAH3,24205,20684
65339KAJ9,24205,20684
65339KBC3,24205,20684
6656P5AA2,92355,28711
665772BN8,23931,21300
665772BU2,23931,21300
665772CP2,23931,21300
670008AD3,12067,9903
670008AD3,48486,7013
670768AA8,65875,20288
674599CT0,70332,20194
681904AN8,17005,21185
681904AN8,63714,3379
681904AN8,69761,20269
681904AQ1,17005,21185
681904AQ1,63714,3379
686286AC9,92467,52885
690768BF2,77157,22462
693476BD4,60442,3685
693476BF9,60442,3685
69349LAL2,60442,3685
69351CAA1,60442,3685
69351CAB9,60442,3685
69351CAC7,60442,3685
69351CAD5,60442,3685
69352BAC8,22517,21376
69353RCG1,60442,3685
69353RDY1,60442,3685
69371RL79,60506,3487
694308GR2,13688,21356
694308HU4,13688,21356
713448BG2,13856,21384
713448CF3,13856,21384
713448CU0,13856,21384
713448DW5,13856,21384
718172AA7,13901,21398
718172AA7,92602,52978
718172AB5,13901,21398
718172AB5,92602,52978
718172AC3,13901,21398
718172AC3,92602,52978
718172AG4,13901,21398
718172AG4,92602,52978
718172AH2,13901,21398
718172AH2,92602,52978
718172AL3,13901,21398
718172AL3,92602,52978
718172AM1,13901,21398
718172AM1,92602,52978
718172AN9,92602,52978
718172AP4,13901,21398
718172AP4,92602,52978
718172AS8,92602,52978
718172AT6,92602,52978
718172AU3,92602,52978
718172AV1,92602,52978
718172AW9,92602,52978
718172AX7,92602,52978
718172BD0,92602,52978
718172BE8,92602,52978
718172BF5,92602,52978
718172BL2,92602,52978
718172BM0,92602,52978
718172BN8,92602,52978
74254PPG1,89195,42285
74254PVW9,89195,42285
742718DT3,18163,21446
742718EH8,18163,21446
742741AA9,18163,21446
74367CAF2,64486,3684
74367CCU7,64486,3684
74367CEJ0,64486,3684
747525AH6,77178,11253
747525AL7,77178,11253
747525AN3,77178,11253
747525AQ6,77178,11253
74913GAN5,60599,20421
74913GAN5,85032,15545
758940AG5,35044,1620
7591EAAA1,35044,1620
759351AC3,79210,29863
759351AC3,87842,37138
774341AD3,89014,41688
775371AG2,20626,20597
775371AG2,23990,21527
780097AN1,92355,28711
780097AW1,92355,28711
780097AW1,92355,28711
780097AY7,92355,28711
780097AZ4,92355,28711
78009PBD2,92355,28711
78009PBD2,92355,28711
78009PCC3,92355,28711
78009PCC3,92355,28711
78010XAC5,92355,28711
78010XAC5,92355,28711
78010XAD3,92355,28711
78010XAD3,92355,28711
78010XAE1,92355,28711
78010XAE1,92355,28711
78010XAF8,92355,28711
78010XAF8,92355,28711
78010XAG6,92355,28711
78010XAG6,92355,28711
78010XAJ0,92355,28711
78010XAJ0,92355,28711
78010XAK7,92355,28711
78010XAK7,92355,28711
78011RAC7,92355,28711
78012DAF0,92355,28711
78012DAF0,92355,28711
783764AS2,52708,21095
783764AS2,62383,3954
783764AS2,72696,21659
78409VAH7,17478,21179
80280JDB4,75152,20260
80281LAC9,75152,20260
80282KAJ5,75152,20260
80283LAB9,75152,20260
80283LAC7,75152,20260
80283LAD5,75152,20260
80283LAE3,75152,20260
80283LAF0,75152,20260
80283LAG8,75152,20260
80283LAJ2,75152,20260
80283LAK9,75152,20260
80283LAM5,75152,20260
80283LAP8,75152,20260
80283LAQ6,75152,20260
80283LAR4,75152,20260
80283LAT0,75152,20260
80283LAU7,75152,20260
80283LAV5,75152,20260
80283LAW3,75152,20260
80283LAX1,75152,20260
829809AF9,88822,41009
832248AM0,70923,4062
832248AQ1,70923,4062
857477AM5,72726,4260
857477AV5,72726,4260
857477AW3,72726,4260
85748KAA1,72726,4260
867914BB8,68144,21691
867914BK8,68144,21691
869099AH4,71563,4163
869099AH4,71563,4163
869099AH4,73809,7050
87161CAG0,20053,781
87161CAG0,60206,4162
87612EAW6,49154,20561
882850CM0,24563,21740
882850CX6,24563,21740
90131HAJ4,13964,54433
90131HAL9,13964,54433
90131HAT2,13964,54433
90131HAT2,26403,20587
90131HAW5,13964,54433
90131HAW5,26403,20587
90131HAX3,13964,54433
90131HAX3,26403,20587
90131HAY1,13964,54433
90131HAY1,26403,20587
90131HAZ8,13964,54433
90131HAZ8,26403,20587
90131HBA2,13964,54433
90131HBA2,26403,20587
90131HBB0,13964,54433
90131HBB0,26403,20587
90131HBC8,13964,54433
90131HBC8,26403,20587
90131HBD6,13964,54433
90131HBD6,26403,20587
90131HBE4,13964,54433
90131HBE4,26403,20587
90131HBF1,13964,54433
90131HBF1,26403,20587
90131HBJ3,13964,54433
90131HBJ3,26403,20587
90131HBM6,13964,54433
90131HBM6,26403,20587
90131HBR5,13964,54433
90131HBR5,26403,20587
90131HBS3,13964,54433
90131HBS3,26403,20587
90131HBT1,13964,54433
90131HBT1,26403,20587
902494BA0,77730,4620
902494BB8,77730,4620
90261XGM8,88239,37504
90270KZH5,15054,55100
90331HLC5,66157,1645
90331HMB6,66157,1645
90331HMC4,66157,1645
90331HMD2,66157,1645
90331HMF7,66157,1645
90331HMU4,66157,1645
90331HMX8,66157,1645
90331HNP4,66157,1645
904851AA0,20694,841
904851AA0,75811,22107
909214BH0,10890,21814
913017BW8,17830,21832
913017BX6,17830,21832
913017BZ1,17830,21832
913026AT7,39087,21833
913026AT7,39087,21833
913026AT7,60599,20421
913026AU4,39087,21833
913026AU4,39087,21833
913026AU4,60599,20421
918204AU2,43553,21849
919794AB3,80072,4818
919794AB3,80072,4818
919794AC1,80072,4818
92343VBH6,65875,20288
92343VBL7,65875,20288
92343VBM5,65875,20288
92857WBN9,75418,21996
929903BB7,36469,1869
929903BB7,38703,21305
931142BT9,55976,21880
931142CJ0,55976,21880
931142CK7,55976,21880
931142CL5,55976,21880
931142CM3,55976,21880
931142CN1,55976,21880
931142CP6,55976,21880
931142CQ4,55976,21880
931142CT8,55976,21880
931142CU5,55976,21880
931142CV3,55976,21880
931142DA8,55976,21880
931142DB6,55976,21880
931142DC4,55976,21880
931142DD2,55976,21880
94973VBG1,89179,42273
94973VBG1,89179,42273
949746NW7,38703,21305
949746RW3,38703,21305
949746SJ1,38703,21305
94986RCZ2,38703,21305
94986RQF1,38703,21305
94986RQH7,38703,21305
94986RQJ3,38703,21305
94986RVY4,38703,21305
94986RXR7,38703,21305
95001B2K9,38703,21305
957638AB5,90776,46890
960386AG5,81677,30913
961548AQ7,21186,21913
961548AQ7,21186,21913
961548AS3,21186,21913
961548AS3,21186,21913
984121CK7,27983,21945
98934KAB6,79363,29908
989701AU1,84129,5057
